Id,Name,category,lowprice,highprice,health_index,star1,star2,star3,star4,star5,Accept_Credit_Card,Alcohol,Appointment_Only,Caters,Delivers,Dogs_Allowed,Outdoor_Seating,Parking,Smoking_allowed,Take_out,Takes_Reservations,Wheelchair_Accessible,WIFI,Opened_24hrs,Ambience,Attire,Noise_Level,Music
YFkrZhuA1phCiJB1EJV39w,Middle East Restaurant and Nightclub,"Middle Eastern,Music Venues,Bars",$11-30,$11-30,,0,0,0,0,0,Yes,Full Bar,,No,,,No,Street,,Yes,No,,No,,Hipster,Casual,Loud,Live
SNJhevBiD7xFvxiEJywMxw,Boston Beer Works,"Breweries,American (Traditional),Beer Bar",$11-30,$11-30,,0,0,0,0,0,Yes,Full Bar,,No,,,No,Street,,Yes,Yes,,No,,Casual,Casual,Average,
58cDJU4cub1o0o0B4h9GrA,Craigie On Main,"American (New),French,Bars",Above $61,Above $61,,0,0,0,0,0,Yes,Full Bar,,No,,,No,"Valet, Garage, Street",,No,Yes,,No,,,Casual,Average,
KENZN5yZDjVQtKzwJ5gD6Q,Gyro City,"Greek,Mediterranean",Under $10,Under $10,,13,12,23,79,156,Yes,No,,Yes,,,Yes,Street,,Yes,No,Yes,No,,Casual,Casual,Average,
7200x8GYzQSeBzuiv3_4BA,Porcinis Italian Restaurant,"Italian,Seafood,Mediterranean",$11-30,$11-30,,0,0,0,0,0,Yes,Full Bar,,Yes,,,Yes,Street,,Yes,Yes,,Free,,,Casual,Average,
p8ohzzGvGRCHnJKnyO7exA,Eastern Standard Kitchen & Drinks,"American (New),Lounges,Breakfast & Brunch",$31-60,$31-60,,52,122,238,629,710,Yes,Full Bar,,No,,,Yes,"Valet, Street",,Yes,Yes,,No,,Classy,Casual,Average,
C7FKNwSUlbUinT9cRSLXHA,Cuchi Cuchi,"Tapas/Small Plates,Wine Bars,Cocktail Bars",$31-60,$31-60,,43,51,123,363,486,Yes,Full Bar,,No,,,No,Street,,No,Yes,,No,,Trendy,Casual,Loud,
VnuD2cojPTWd3nIHQjnL8w,Island Creek Oyster Bar,"Seafood,Bars",$31-60,$31-60,,74,101,238,681,1393,Yes,Full Bar,,No,,,No,"Valet, Street",,No,Yes,Yes,No,,Trendy,Casual,Average,
6q5TIpdyLXLBvOv3wyizWA,Trattoria Pulcinella,Italian,$31-60,$31-60,,0,0,0,0,0,Yes,Beer & Wine Only,,No,,,Yes,Street,,Yes,Yes,,Free,,Romantic,Casual,Quiet,
T8DpRFty13MXLf6MB43aLg,Bondir Cambridge,American (New),Above $61,Above $61,,0,0,0,0,0,Yes,Beer & Wine Only,,No,,,No,Street,,Yes,Yes,,No,,Intimate,Casual,Quiet,
9RH1xBIMMAZXg9s_XW_sLg,Giulia,Italian,$31-60,$31-60,,9,19,34,84,248,Yes,Full Bar,,No,,,No,Street,,No,Yes,,No,,Intimate,Casual,Average,
JZPPsLYmLCc9uwuolor7cQ,Temple Bar,"American (New),Bars",$11-30,$11-30,,23,42,96,223,103,Yes,Full Bar,,No,,,Yes,Private Lot,,Yes,Yes,,Free,,,Casual,Average,
u4dXemPMSM8TeDPmodFc2A,The Kirkland Tap & Trotter,American (New),$31-60,$31-60,,0,0,0,0,0,Yes,Full Bar,,No,,,No,Street,,Yes,Yes,,Free,,Hipster,Casual,Average,
kLr68qdt6nutZCuCMz5mDg,Oleana Restaurant,Mediterranean,$31-60,$31-60,,0,0,0,0,0,Yes,Beer & Wine Only,,No,,,Yes,Street,,No,Yes,,No,,Romantic,Casual,Average,
E2De90kZUtXIS2dy-vn1yg,Deuxave,"American (New),Bars",$31-60,$31-60,,19,24,43,133,260,Yes,Full Bar,,No,,,Yes,Valet,,No,Yes,,No,,Upscale,Dressy,Average,
TfSZgUu1Uxwcve7q1j5fLQ,Midwest Grill Brazilian BBQ,"Steakhouses,Brazilian,Barbeque",$11-30,$11-30,,0,0,0,0,0,Yes,Full Bar,,Yes,,,No,Street,,Yes,Yes,,No,,Casual,Casual,Average,
R7peDyHzKTGilwo_1fjt3g,Woody’s Grill and Tap,"Bars,American (Traditional),Pizza",$11-30,$11-30,,0,0,0,0,0,Yes,Beer & Wine Only,,No,,,No,Street,,Yes,No,Yes,Free,,Casual,Casual,Average,
HU2iYyCPkmP1gxuKYoiKNg,Shaking Crab - Cambridge,"Seafood,Cajun/Creole",$11-30,$11-30,,0,0,0,0,0,Yes,Full Bar,,No,,No,Yes,"Street, Private Lot",,Yes,Yes,Yes,Free,,"Hipster, Casual, Trendy",Casual,Average,
PSp0P_3zWIQabA5HAIJBMQ,Pho Basil,"Vietnamese,Thai,Seafood",$11-30,$11-30,,43,54,107,389,425,Yes,Beer & Wine Only,,No,,,No,Street,,Yes,No,,No,,Casual,Casual,Average,
zkUgoHp4cyCpOyrJKofX6A,Cafe Mami,"Japanese,Salad,Steakhouses",Under $10,Under $10,,0,0,0,0,0,No,No,,No,,Yes,No,"Street, Private Lot",,Yes,No,No,No,,Casual,Casual,Average,
I07zWZ_JGqVAp3ZPxIpDYg,Summer Shack-Boston,"Seafood,Bars,American (Traditional)",$11-30,$11-30,,0,0,0,0,0,Yes,Full Bar,,No,,,No,"Garage, Street, Validated",,Yes,Yes,,No,,Casual,Casual,Average,
rpIRK9g0uM7Mao5jB39m3w,Boston Shawarma,"Middle Eastern,Halal,Mediterranean",Under $10,Under $10,,24,21,38,95,179,Yes,No,,Yes,,Yes,No,Street,,Yes,No,No,No,,Casual,Casual,Average,
XUepp8T9xSMBuvlEG_-DrQ,The Capital Grille,"Steakhouses,Seafood,Wine Bars",Above $61,Above $61,,20,25,78,215,493,Yes,Full Bar,,Yes,,,Yes,"Valet, Garage, Street",,No,Yes,,Free,,"Classy, Upscale",Dressy,Average,Background
ZAV8c9iGKV8zWHxOpTxdYQ,Select Oyster Bar,"Seafood,Bars",$31-60,$31-60,,0,0,0,0,0,Yes,Full Bar,,No,,No,Yes,Street,,No,Yes,Yes,No,,Trendy,Casual,Average,
JIBJ_1aH_gHgbLnAIX5hEw,Towne Stove and Spirits,"American (New),Breakfast & Brunch",$31-60,$31-60,,89,104,127,161,98,Yes,Full Bar,,Yes,,,Yes,Validated,,Yes,Yes,Yes,Free,,Trendy,Dressy,Average,
zL2-u9LuxmPzC9d5qnTkvQ,Buk Kyung,"Korean,Seafood",$11-30,$11-30,,25,15,35,95,69,Yes,No,,Yes,,,No,"Street, Private Lot",,Yes,Yes,,No,,Casual,Casual,Average,
xXj6XsEvpRJ0hMHAh9N02A,The Independent,"Bars,American (New)",$11-30,$11-30,,0,0,0,0,0,Yes,Full Bar,,No,,,Yes,Street,,Yes,Yes,Yes,Free,,Casual,Casual,Average,
Ug6ngfzLT_cPzSttve1OzQ,Top of the Hub,"American (New),Wine Bars",$31-60,$31-60,,258,253,405,649,456,Yes,Full Bar,,No,,,No,Garage,,No,Yes,,Free,,"Classy, Upscale",Dressy,Average,Live
QvCYvbMNkRTe4UqVwmyb3w,Canary Square,"American (New),Breakfast & Brunch,Burgers",$11-30,$11-30,,63,108,113,148,96,Yes,Full Bar,,No,,No,Yes,Street,,Yes,Yes,Yes,Free,,Casual,Casual,Average,
1A9alCsYB5Z5PW3yvH1HnQ,Casa B Tapas and Cocktail & Rum Bar,"Caribbean,Tapas/Small Plates,Cocktail Bars",$31-60,$31-60,,0,0,0,0,0,Yes,Full Bar,,Yes,,,No,Street,,No,Yes,,No,,,Casual,Average,
PUZSvR-nEHlhEi0gSADu7w,Piattini,"Italian,Bars,Salad",$11-30,$11-30,,0,0,0,0,0,Yes,Full Bar,,No,,,Yes,Street,,Yes,Yes,,No,,Intimate,Casual,Average,
V5r0E89VSK0IDzZRvrhc3g,The Cheesecake Factory,"American (New),Desserts",$11-30,$11-30,,96,86,144,164,112,Yes,Full Bar,,Yes,,,Yes,Garage,,Yes,Yes,,No,,Casual,Casual,Average,
AGR_kBvN__I7aTl0rBywAg,Atlantic Fish,"Seafood,Live/Raw Food,Cocktail Bars",$31-60,$31-60,,79,130,268,751,1026,Yes,Full Bar,,No,,No,Yes,"Valet, Street",,Yes,Yes,Yes,Free,,Classy,Casual,Average,
0ulC3Jz1eXnJJ3v2kN5Xpg,Demos,"Mediterranean,Greek",Under $10,Under $10,,6,19,13,34,22,Yes,Beer & Wine Only,,Yes,,,No,Street,,Yes,No,,No,,Casual,Casual,Average,
4RpdVZIR3dV890pJ5hQd9A,Lucca Back Bay,"Italian,Wine Bars",$31-60,$31-60,,0,0,0,0,0,Yes,Full Bar,,No,,,Yes,"Valet, Garage",,Yes,Yes,,No,,Romantic,Dressy,Average,Juke Box
poswq7BdLM9Iryd9palDVQ,SRV Boston,"Italian,Wine Bars",$31-60,$31-60,,0,0,0,0,0,Yes,Full Bar,,No,,,Yes,Street,,No,Yes,,No,,Trendy,Dressy,Average,
4k_wbk7GppLxBhfga3Fdjw,Lemon Thai Cuisine,"Thai,Seafood,Soup",$11-30,$11-30,,0,0,0,0,0,Yes,No,,No,,,No,Street,,Yes,No,,No,,Casual,Casual,Average,
DrQgIMe9fKfNvvHoXO8Y0w,Social Restaurant & Bar,"American (New),Bars,Breakfast & Brunch",$11-30,$11-30,,18,18,20,44,50,Yes,Full Bar,,Yes,,No,No,"Garage, Street, Validated",,Yes,Yes,Yes,Free,,Casual,Casual,Average,Live
3ysQylsFQj7JNIlQjncQeQ,Max and Leo’s,"Pizza,Bars",$11-30,$11-30,,0,0,0,0,0,Yes,Beer & Wine Only,,No,,,No,Street,,Yes,No,,No,,Casual,Casual,Average,
PygaMm6O5n1UDHrbnm7uBg,House of Siam,"Thai,Seafood",$11-30,$11-30,,17,29,35,57,38,Yes,Beer & Wine Only,,Yes,,,No,Street,,Yes,Yes,,No,,Casual,Casual,Quiet,
1hWZ0K2DOKZB9Xft08VZ9g,Sorellina,"Italian,Bars,Salad",Above $61,Above $61,,14,33,82,183,326,Yes,Full Bar,,No,,,No,"Valet, Street",,No,Yes,,No,,"Classy, Upscale",Dressy,Average,
u51e3gychuqBYNqe2xG6_w,Lolita Cocina & Tequila Bar Back Bay,"Mexican,Lounges,Cocktail Bars",$11-30,$11-30,,111,112,232,564,760,Yes,Full Bar,,No,,,No,Street,,No,Yes,,No,,Trendy,Casual,Loud,
3G3GvCsArfZrhoRrIYxDkw,Fogo de Chão Brazilian Steakhouse,"Brazilian,Steakhouses",$31-60,$31-60,,0,0,0,0,0,Yes,Full Bar,,No,,,No,"Valet, Street",,No,Yes,,No,,Classy,Casual,Average,
Rr7rhulFCpGvO341g-EWVg,Legal Sea Foods,Seafood,$31-60,$31-60,,0,0,0,0,0,Yes,Full Bar,,No,,,No,"Garage, Street, Validated",,Yes,Yes,,No,,Casual,Casual,Average,
XWF0qtV3GxkgfdvAjwpfzQ,Thai Basil Restaurant,"Thai,Seafood,Noodles",$11-30,$11-30,,46,43,81,159,84,Yes,Beer & Wine Only,,Yes,,,No,Street,,Yes,Yes,,No,,Casual,Casual,Average,
FmAIHFqUBNkCw3YBCRQLmQ,Redbones BBQ,"Barbeque,Bars,Sandwiches",$11-30,$11-30,,116,200,350,586,413,Yes,Full Bar,,Yes,,,No,Street,,Yes,Yes,,No,,Casual,,Loud,
XgJWwSXomuSblxFBE-AxpA,Petit Robert Bistro,"French,Breakfast & Brunch,Wine Bars",$11-30,$11-30,,34,45,58,123,114,Yes,Full Bar,,No,,,Yes,"Valet, Street",,Yes,Yes,,Free,,,Casual,Average,
hewGudgB-tUk2ADWsUIHlg,Legal Sea Foods,Seafood,$31-60,$31-60,,53,55,44,44,38,Yes,Full Bar,,No,,,Yes,Private Lot,,Yes,Yes,,No,,,Casual,Average,
q5HPp961WsjoVDaOmN8SwQ,Giacomo’s,"Italian,Seafood,Wine Bars",$11-30,$11-30,,0,0,0,0,0,No,Beer & Wine Only,,No,,,No,Street,,Yes,Yes,,No,,Casual,Casual,Loud,
EYMC8NHn6U-4WpLo54dQtw,Anchovies,"Italian,Bars,Salad",$11-30,$11-30,,20,21,35,139,134,Yes,Full Bar,,No,,,No,Street,,Yes,No,,Free,,"Divey, Casual",Casual,Average,
uCN25MmdW27fZ2UJQ-tU4Q,Gaya Pizzeria,"Pizza,Italian",Under $10,Under $10,,0,2,2,7,45,Yes,No,,Yes,,No,No,Street,,Yes,No,Yes,Free,,,Casual,Quiet,
9-KBO2jGuvMCrM88ysDLTA,Foundry on Elm,"Bars,Gastropubs,American (New)",$11-30,$11-30,,0,0,0,0,0,Yes,Full Bar,,Yes,,,No,Street,,Yes,Yes,,Free,,Trendy,Casual,Average,
u0CvoJ_bAx5SCSiI_meUOQ,Greek Corner Restaurant,"Greek,Mediterranean",$11-30,$11-30,,31,35,56,244,235,Yes,Beer & Wine Only,,Yes,,,No,Street,,Yes,No,,No,,Casual,Casual,Average,
nq902iEwTCZv-EzZV2wHQA,Five Horses Tavern,"Beer Bar,American (New),Tacos",$11-30,$11-30,,38,78,120,283,176,Yes,Full Bar,,Yes,,,Yes,Street,,Yes,Yes,,Free,,Casual,Casual,Loud,
9LPokpPIiNCC5ilJXwX_rQ,Davio’s Chestnut Hill,"Italian,Steakhouses,Gluten-Free",$31-60,$31-60,,0,0,0,0,0,Yes,Full Bar,,Yes,,,No,"Valet, Private Lot",,Yes,Yes,,Free,,Upscale,,Average,
9jlK2GUXrk40TbN1yTSMJw,The Talk,"American (Traditional),Italian",$11-30,$11-30,,42,41,54,69,72,Yes,Full Bar,,Yes,,,No,Street,,Yes,Yes,,No,,,Casual,Average,
-pK1SR3blPDEzYKwXk4L5Q,Coda,"American (New),Burgers,Cocktail Bars",$11-30,$11-30,,11,33,101,263,152,Yes,Full Bar,,No,,,No,"Garage, Street, Validated",,Yes,Yes,,Free,,Casual,Casual,Average,
nlnWODemnfzut10tzC5x3A,Post 390,"Bars,American (New)",$31-60,$31-60,,0,0,0,0,0,Yes,Full Bar,,Yes,,,No,"Garage, Street, Validated",,No,Yes,Yes,Free,,Trendy,Casual,Average,
WkjIWu8rIpAAUhnqsuik9w,The Table at Season to Taste,American (New),Above $61,Above $61,,0,0,0,0,0,Yes,Beer & Wine Only,,No,,,No,Street,,No,Yes,,No,,Intimate,Casual,Average,
vCaaXCYqpBsxJy2kBR67IA,The Brahmin,"American (New),Cocktail Bars",$11-30,$11-30,,65,55,67,92,93,Yes,Full Bar,,Yes,,,Yes,"Valet, Garage, Street",,Yes,Yes,,Free,,Trendy,Dressy,Loud,DJ
dz2OSto01aMIWkGHXd8lOg,FiRE + iCE  Grill + Bar,"Mongolian,American (Traditional),Cocktail Bars",$11-30,$11-30,,118,116,146,149,92,Yes,Full Bar,,No,,,No,"Garage, Street",,No,Yes,,Free,,Casual,Casual,Loud,
VH0Ib9S3E-dxbQdQC4rffg,Mistral,French,Above $61,Above $61,,24,45,112,248,466,Yes,Full Bar,,No,,,No,"Valet, Street",,Yes,Yes,,Free,,"Classy, Upscale",Dressy,Average,
zZ7roMv_c8R4slTMPPdkng,Delux Café,"Bars,American (Traditional)",$11-30,$11-30,,15,14,39,120,107,No,Full Bar,,No,,,No,Street,,Yes,No,,No,,"Divey, Hipster, Casual",Casual,Average,Juke Box
_98MfEQ67r9-V78gmy8_Pg,Grill 23 & Bar,"Seafood,Steakhouses,Wine Bars",Above $61,Above $61,,57,95,123,255,383,Yes,Full Bar,,No,,,No,"Valet, Street",,No,Yes,,Free,,"Classy, Upscale",Dressy,Average,
NYa-JphaaB41ElGsb3iawA,Toro,"Tapas Bars,Spanish,Cocktail Bars",$31-60,$31-60,,61,85,195,631,963,Yes,Full Bar,,No,,,Yes,"Valet, Street",,Yes,No,,Free,,Trendy,Casual,Loud,
qVNYCZi2ofv-oe293JsYkg,75 Chestnut,"American (New),Diners,Steakhouses",$11-30,$11-30,,0,0,0,0,0,Yes,Full Bar,,Yes,,No,No,"Valet, Garage, Street",,Yes,Yes,Yes,Free,,Intimate,,Average,
G2qQ72XEMVW4A9SNDHGwOg,Stephi’s on Tremont,"American (New),Comfort Food,Bars",$11-30,$11-30,,0,0,0,0,0,Yes,Full Bar,,No,,,Yes,Street,,Yes,Yes,,Free,,Trendy,Casual,Average,
gCsidBqhALICug9E2AphCw,Da Vinci,Italian,$31-60,$31-60,,12,24,34,101,220,Yes,Full Bar,,Yes,,,Yes,"Valet, Street",,Yes,Yes,,No,,"Romantic, Classy",Dressy,Average,
sRNcBkZrs2bOrijfElHVyQ,The Paramount,"Breakfast & Brunch,American (New),Sandwiches",$11-30,$11-30,,0,0,0,0,0,Yes,Beer & Wine Only,,No,,,No,Street,,Yes,No,,No,,Casual,,Average,
5LEP8Rcb4_To8amoZodtow,The Butcher Shop,"Steakhouses,Butcher,Modern European",$31-60,$31-60,,27,46,79,177,152,Yes,Beer & Wine Only,,No,,,No,"Valet, Street",,Yes,Yes,,No,,Trendy,Casual,Average,
CB0KEBdcItjSDMOkcv7QtA,Toscano Restaurant,Italian,$31-60,$31-60,,0,0,0,0,0,Yes,Full Bar,,No,,,No,,,Yes,Yes,,No,,Classy,Dressy,Average,
nBG0C0J7bnBnUMB39F5O-A,Bin 26 Enoteca,"Italian,Wine Bars",$31-60,$31-60,,25,40,45,69,64,Yes,Beer & Wine Only,,No,,,No,"Valet, Street",,Yes,Yes,,Free,,Classy,Casual,Average,
mxjVk5rvPNhzYe_vt3OSQA,B&G Oysters,"Seafood,Wine Bars",$31-60,$31-60,,0,0,0,0,0,Yes,Beer & Wine Only,,No,,,Yes,Street,,No,Yes,,No,,,Casual,Average,
DkuCJwpeiGhW41EEcOKweg,CLINK.,"American (New),Lounges",$31-60,$31-60,,0,0,0,0,0,Yes,Full Bar,,No,,No,No,Valet,,No,Yes,Yes,No,,Trendy,Dressy,Average,
MjpH-uP90jTUp_KqAOiBJg,Stella,"Italian,Wine Bars",$31-60,$31-60,,0,0,0,0,0,Yes,Full Bar,,Yes,,,Yes,Street,,Yes,Yes,Yes,No,,Trendy,Casual,Average,
mP1EdIafQKMuOm9O4PzAfA,Barcelona Wine Bar South End,"Spanish,Wine Bars,Tapas/Small Plates",$11-30,$11-30,,0,0,0,0,0,Yes,Full Bar,,Yes,,,Yes,Street,,Yes,Yes,Yes,No,,Trendy,Casual,Average,
Mj9P_ON9YPDmFV4GJXYYYA,Seasons 52,"American (New),Wine Bars,Seafood",$11-30,$11-30,,0,0,0,0,0,Yes,Full Bar,,No,,,No,Valet,,Yes,Yes,,Free,,,Casual,Average,Live
uMZoY7AyG08rnN-YiQN7fA,MJ O’Connor’s Irish Pub,"American (Traditional),Irish Pub",$11-30,$11-30,,33,38,57,59,33,Yes,Full Bar,,No,,,Yes,Street,,Yes,Yes,,Free,,Casual,Casual,Average,
XDe1BMq0C7ljuW3a6WoAwg,Brio Tuscan Grille,"Italian,Bars",$11-30,$11-30,,0,0,0,0,0,Yes,Full Bar,,Yes,,,Yes,Private Lot,,Yes,Yes,,Free,,,Casual,Average,Background
QhhOFdwFrgHFjrUYlI67IA,Menotomy Grill & Tavern,"American (Traditional),Pubs",$11-30,$11-30,,0,0,0,0,0,Yes,Full Bar,,Yes,,No,Yes,Private Lot,,Yes,Yes,,Free,,Casual,Casual,Average,
AG1ETqbneinRRJUeA8PfSA,Fleming’s Prime Steakhouse & Wine Bar - Boston,"Wine Bars,Steakhouses,Seafood",$31-60,$31-60,,0,0,0,0,0,Yes,Full Bar,,Yes,,,No,"Valet, Garage, Street, Validated",,Yes,Yes,,Free,,Classy,Dressy,Average,Background
U4ppRbaM8K12j3oOyirXXg,Pescatore,"Italian,Seafood",$11-30,$11-30,,0,0,0,0,0,Yes,Full Bar,,Yes,,,Yes,Street,,Yes,Yes,,Free,,,Casual,Average,
Kx3hGswNK6iuMb53KUcsvg,Noor Mediterranean Grill,"Mediterranean,Middle Eastern,Salad",$11-30,$11-30,,0,0,0,0,0,Yes,No,,Yes,,No,Yes,Street,,Yes,No,,No,,Casual,Casual,Average,
mIZTif2mj2-CozNOOTFFpg,Sound Bites,"Breakfast & Brunch,Middle Eastern,Mediterranean",$11-30,$11-30,,91,101,146,270,358,Yes,Full Bar,,Yes,,,Yes,Street,,Yes,No,,Free,,Casual,Casual,Average,
5HMXgD_gui5n0Tc_hadesg,The Gallows,"Burgers,Bars,American (Traditional)",$11-30,$11-30,,0,0,0,0,0,Yes,Full Bar,,No,,,No,"Valet, Street",,Yes,Yes,,Free,,Trendy,Casual,Average,
QaKYHTjR7ZygxaFUskdMEA,Sabur,Mediterranean,$11-30,$11-30,,16,19,41,74,81,Yes,Full Bar,,Yes,,,Yes,Private Lot,,Yes,Yes,,Free,,,Casual,Average,
bqC8cTtPJmSAW6NUVHV9YQ,Tavern at the End of the World,"Pubs,American (New)",$11-30,$11-30,,10,7,28,86,68,Yes,Full Bar,,No,,,No,Street,,Yes,No,,Free,,Casual,Casual,Average,"Live, Juke Box"
GwwX5JjuOVpw0ZlBvCqEOg,Coppa Enoteca,"Italian,Tapas/Small Plates",$31-60,$31-60,,26,60,100,242,349,Yes,Beer & Wine Only,,No,,,Yes,Street,,Yes,Yes,,Free,,,Casual,Average,
_muVoNc4H_H_557WJvVWWQ,Ostra,Seafood,Above $61,Above $61,,0,0,0,0,0,Yes,Full Bar,,No,,,No,,,No,Yes,,No,,Upscale,Dressy,Average,
wITbeprsnf9wt1CYHIf4Dw,The Capital Grille,"Steakhouses,Seafood,Wine Bars",Above $61,Above $61,,21,28,28,56,126,Yes,Full Bar,,Yes,,No,No,"Valet, Private Lot",,No,Yes,Yes,Free,,Classy,Dressy,Average,
wt-fwK_Y4WmJ0HBui4EsIQ,Fat Hen Broadway East,"Italian,Wine Bars",$31-60,$31-60,,2,9,8,10,32,Yes,Full Bar,,No,,No,No,Street,,No,Yes,Yes,No,,,Dressy,Average,
vyE6uuzEcB8vl11skeofrQ,Vinny’s Ristorante,"Italian,Sandwiches,Wine Bars",$11-30,$11-30,,0,0,0,0,0,Yes,Full Bar,,Yes,,,Yes,"Street, Private Lot",,Yes,Yes,,Free,,Casual,,Average,
5TsjdwNt10gxGChQtGGpdg,Gaslight,"French,American (New),Cocktail Bars",$11-30,$11-30,,63,120,292,731,633,Yes,Full Bar,,No,,,Yes,"Street, Private Lot",,Yes,Yes,,Free,,,Casual,Average,
72PQGMhrEcIuWH-S44TprA,Myers & Chang,"Asian Fusion,Taiwanese,Cocktail Bars",$11-30,$11-30,,0,0,0,0,0,Yes,Full Bar,,No,,,Yes,Street,,Yes,Yes,,Free,,Trendy,Casual,Average,
0s8iv660dB30pHK4W1r6KA,Genki Ya - Boston,"Sushi Bars,Japanese,Bars",$11-30,$11-30,,0,0,0,0,0,Yes,Full Bar,,Yes,,,No,Street,,Yes,Yes,Yes,No,,Casual,Casual,Average,
W2YNtO5W_ZK6o-1t8uLcYw,Montien Thai Restaurant,"Thai,Seafood,Cocktail Bars",$11-30,$11-30,,0,0,0,0,0,Yes,Full Bar,,Yes,,,No,Street,,Yes,Yes,,Free,,Casual,Casual,Average,
dy-XO6rRE1cAMMrpMDQRrw,Explorateur,"French,Bars,American (New)",$11-30,$11-30,,34,33,57,36,51,Yes,Full Bar,,Yes,,,No,"Garage, Street",,Yes,Yes,,Free,,"Casual, Trendy, Classy",Casual,Average,
5rINmqRcMlJCBR3vwMKbtg,Cinquecento,"Italian,Seafood,Bars",$31-60,$31-60,,0,0,0,0,0,Yes,Full Bar,,No,,,Yes,"Street, Private Lot",,No,Yes,,Free,,Trendy,Casual,Average,
RNqUyblZzXvg0a2fBjJQQg,Artisan Bistro,American (New),$31-60,$31-60,,20,19,16,15,23,Yes,Full Bar,,Yes,,,No,"Valet, Garage",,Yes,Yes,,Free,,Classy,Dressy,Average,
KwL8wWNuUHoplvn8ff97bg,Blu Restaurant & Bar,"American (New),Seafood",$31-60,$31-60,,0,0,0,0,0,Yes,Full Bar,,No,,,Yes,"Garage, Validated",,Yes,Yes,,Free,,Trendy,Dressy,Average,
J1uidHIL7nE_noUuvFXj0A,Grotto,Italian,$31-60,$31-60,,0,0,0,0,0,Yes,Beer & Wine Only,,No,,,No,Street,,Yes,Yes,,No,,"Intimate, Romantic",Casual,Average,
uYqizPy4eUSpwOha0RkVPg,No. 9 Park,"French,Italian",Above $61,Above $61,,26,41,74,144,322,Yes,Full Bar,,No,,,No,Valet,,No,Yes,,No,,"Classy, Upscale",Dressy,Average,
RQUZgVKcgenO-FjTg0j80A,Scollay Square,"Seafood,American (Traditional),Cocktail Bars",$11-30,$11-30,,0,0,0,0,0,Yes,Full Bar,,No,,,Yes,Street,,Yes,Yes,,No,,Casual,Casual,Average,
jhFi0oxdyiyCYK7i-CW59A,Black Seed Cafe & Grill,"Middle Eastern,Halal,Falafel",Under $10,Under $10,,0,0,0,0,0,Yes,No,,Yes,,,No,Street,,Yes,No,,Free,,Casual,Casual,Average,
llMSRtQledMr2T9Qbm9VIQ,Pita,"Mediterranean,Middle Eastern,Moroccan",Under $10,Under $10,,20,17,20,62,86,Yes,No,,Yes,,,No,Street,,Yes,No,,Free,,Casual,Casual,Average,
tyVAy-kkpui3p7zxxZok7g,49 Social,American (New),$31-60,$31-60,,0,0,0,0,0,Yes,Full Bar,,Yes,,,No,"Street, Validated",,Yes,Yes,,Free,,"Trendy, Intimate",Casual,Average,
fEKzWC1sbfZSElp46FoNag,Mooo Restaurant,"Steakhouses,Wine Bars,Breakfast & Brunch",Above $61,Above $61,,0,0,0,0,0,Yes,Full Bar,,No,,,No,"Valet, Street",,Yes,Yes,,No,,Upscale,Dressy,Average,
mTyK9-_6CYY6XYAG56c68Q,Carrie Nation Restaurant & Cocktail Club,"American (Traditional),Cocktail Bars,Salad",$11-30,$11-30,,0,0,0,0,0,Yes,Full Bar,,Yes,,,No,Valet,,Yes,Yes,,Free,,"Trendy, Classy",Dressy,Average,
_RWkck7niE8VJG3zLXK2ig,Silvertone,"American (Traditional),Cocktail Bars,Sandwiches",$11-30,$11-30,,0,0,0,0,0,Yes,Full Bar,,No,,,No,Street,,Yes,No,,No,,Casual,,Loud,
2bncbx08BFs_IO6H-yWBxw,Bubor Cha Cha,"Dim Sum,Seafood,Cantonese",$11-30,$11-30,,75,43,60,93,36,Yes,Beer & Wine Only,,No,,,No,Street,,Yes,Yes,,No,,Casual,Casual,Average,
V8_e5MRjfexH4WFBqjDWCg,Beantown Pub,"Pubs,American (Traditional),Breakfast & Brunch",$11-30,$11-30,,78,97,157,164,72,Yes,Full Bar,,Yes,,,No,Street,,Yes,No,Yes,Free,,Casual,Casual,Average,Juke Box
4mClpg19Ntiw1s75kF19Bg,China Pearl Restaurant,"Dim Sum,Seafood,Cantonese",$11-30,$11-30,,63,77,136,166,58,Yes,Full Bar,,Yes,,,No,Street,,Yes,Yes,,No,,Casual,Casual,Loud,
VlXOIzTFaEwF--oPFzfDkA,99 Restaurants,"American (Traditional),Pubs",$11-30,$11-30,,0,0,0,0,0,Yes,Full Bar,,No,,,No,Private Lot,,Yes,No,Yes,Free,,Casual,Casual,Average,Background
hHVq3NS0ZW9G-ZcLurvUJQ,Shabu-Zen,"Hot Pot,Do-It-Yourself Food,Fondue",$11-30,$11-30,,0,0,0,0,0,Yes,Beer & Wine Only,,No,,,No,Street,,No,Yes,,No,,Casual,Casual,Average,
ZJw7_sCOfaUmib1Q0vBAZA,Jade Garden,"Chinese,Seafood,Chicken Wings",$11-30,$11-30,,0,0,0,0,0,Yes,Beer & Wine Only,,Yes,,,No,Street,,Yes,Yes,,No,,Casual,,Average,
9m678PeuzwYamIf6sysUHg,Marliave,"French,Italian,Cocktail Bars",$31-60,$31-60,,48,74,174,479,392,Yes,Full Bar,,No,,,Yes,Street,,No,Yes,,No,,Classy,Casual,Average,
DImi8qeCP-OUaLA8L2QR6A,New Jumbo Seafood Restaurant,"Seafood,Chinese",$11-30,$11-30,,0,0,0,0,0,Yes,Beer & Wine Only,,No,,No,No,Street,,Yes,Yes,No,No,,Casual,Casual,Average,
qbeheL7TS1oJMlUnJo1aPQ,Il Casale,Italian,$31-60,$31-60,,18,44,38,81,90,Yes,Full Bar,,Yes,,,Yes,Street,,Yes,Yes,,Free,,,Casual,Average,
_VEQpntwiMLUbNPLvxvwzA,Ruth’s Chris Steak House,Steakhouses,Above $61,Above $61,,0,0,0,0,0,Yes,Full Bar,,No,,,No,,,No,Yes,,Free,,"Classy, Upscale",Dressy,Average,
UGJpzdTghcvMekA1ML0-kA,Tangierino,"Moroccan,French,Lounges",$31-60,$31-60,,54,63,82,197,158,Yes,Full Bar,,Yes,,,No,"Valet, Street",,Yes,Yes,,Free,,Romantic,Casual,Average,DJ
meznC0oLcwFAeD_3AIyLRw,Figs by Todd English,"Pizza,Italian,American (Traditional)",$11-30,$11-30,,0,0,0,0,0,Yes,Beer & Wine Only,,Yes,,No,No,Street,,Yes,Yes,Yes,Free,,Casual,Casual,Average,
E6nIsqfg-1Qsp94wkDHzsg,Outback Steakhouse,Steakhouses,$11-30,$11-30,,0,0,0,0,0,Yes,Full Bar,,No,,,Yes,"Garage, Street",,Yes,Yes,,Free,,Casual,Casual,Average,
uCJqYrBSITSrJBHyMPznwg,The Bell In Hand,"Lounges,Pubs,Music Venues",Moderate,Moderate,,0,0,0,0,0,Yes,Full Bar,,,,,No,"Garage, Street, Validated",,,No,,Free,,Casual,,Average,Live
PMnU-trprMtR9p3V_9uXLw,Southern Kin Cookhouse,"Southern,Cocktail Bars",$11-30,$11-30,,0,0,0,0,0,Yes,Full Bar,,No,,No,Yes,"Garage, Street",,Yes,Yes,Yes,Free,,"Casual, Trendy",Casual,Average,
Ruq91rmQNweZ78TzKylQMg,Union Oyster House,"Seafood,Bars",$11-30,$11-30,,257,361,545,633,527,Yes,Full Bar,,No,,,No,"Garage, Street",,No,Yes,,No,,Touristy,Casual,Average,
_nPHDeWqacE5BVbGvRgIrg,Boloco,American (New),Under $10,Under $10,,3,11,22,41,37,Yes,No,,Yes,,,Yes,Street,,Yes,No,,Free,,Casual,Casual,Average,
tqq3nQ9Gg0sNNrlndZlSHw,Papagayo,"Mexican,Bars",$11-30,$11-30,,0,0,0,0,0,Yes,Full Bar,,Yes,,,No,"Garage, Street",,Yes,Yes,,No,,Casual,Casual,Loud,
l6Ye6vPB6ZPZbxVxMMgvPQ,Top Mix Bar & Kitchen,"Cocktail Bars,American (New)",$11-30,$11-30,,0,0,0,0,0,Yes,,,,,,,,,Yes,Yes,,,,,,Average,
sYhfhua7GWiGLQkIUP_TWQ,Earls Kitchen + Bar,"American (New),Cocktail Bars",$11-30,$11-30,,0,0,0,0,0,Yes,Full Bar,,No,,No,Yes,"Garage, Street",,Yes,Yes,Yes,Free,,"Casual, Trendy",Casual,Average,
YwtjSs7ul_6RX1WnWglxIA,River Bar,"Cocktail Bars,Gastropubs,American (New)",$11-30,$11-30,,0,0,0,0,0,Yes,Full Bar,,Yes,,No,Yes,"Garage, Street",,Yes,No,Yes,Free,,Casual,Casual,Average,
RF2YhEH__pDNKAhMwZmCUA,Anthem Kitchen and Bar,"American (New),Bars",$11-30,$11-30,,0,0,0,0,0,Yes,Full Bar,,No,,,Yes,"Garage, Street, Validated",,Yes,Yes,,Free,,Casual,Casual,Average,
qpg8rxHXMDl8FKLxdxdl3A,McCormick & Schmick’s Seafood & Steaks,"Seafood,American (Traditional),Steakhouses",$11-30,$11-30,,111,90,63,63,32,Yes,Full Bar,,No,,,Yes,,,Yes,Yes,,No,,Touristy,Casual,Average,
y2w6rFaO0XEiG5mFfOsiFA,Neptune Oyster,"Seafood,Bars",$31-60,$31-60,,0,0,0,0,0,Yes,Beer & Wine Only,,No,,,No,Street,,No,No,,No,,Casual,Casual,Average,
1C32E52HmhRC3GNwkX2nZg,Moonshine 152,"American (New),Asian Fusion",$11-30,$11-30,,0,0,0,0,0,Yes,Full Bar,,Yes,,,Yes,Street,,Yes,Yes,,Free,,Casual,Casual,Average,
tW09hLpf18PYJxNAvNoCqA,Antico Forno,"Italian,Pizza",$11-30,$11-30,,0,0,0,0,0,Yes,Full Bar,,Yes,,,No,"Street, Validated",,Yes,Yes,,Free,,Casual,Casual,Loud,
JdVlUaXM9aZQ68tjgonszw,L’osteria,"Italian,Coffee & Tea",$11-30,$11-30,,0,0,0,0,0,Yes,Beer & Wine Only,,No,,,No,Street,,Yes,Yes,,No,,,Casual,Average,
wdKi_CGVXIgdah5kaUsZKA,Mother Anna’s Restaurant,Italian,$11-30,$11-30,,52,40,44,78,75,Yes,Full Bar,,Yes,,,Yes,"Garage, Street, Validated",,Yes,Yes,,No,,Casual,Casual,Average,
P1LZAzIiVCd0AuJ3rmjDMQ,BOND Restaurant and Lounge,"Lounges,American (New)",$31-60,$31-60,,0,0,0,0,0,Yes,Full Bar,,,,,No,"Valet, Garage, Street",,No,Yes,,Free,,Trendy,Dressy,Average,
J4UsOYwRprbJXIVB_NcldQ,Loconte’s Italian Cuisine,"Italian,Wine Bars,Seafood",$11-30,$11-30,,0,0,0,0,0,Yes,Beer & Wine Only,,No,,,No,Street,,Yes,Yes,Yes,No,,Casual,Casual,Average,
lX2o7nBmXkTJiojIqVO6PQ,Sabatino’s Italian Kitchen,"Italian,Pizza,Sandwiches",Under $10,Under $10,,37,15,12,54,72,Yes,No,,Yes,,,No,Street,,Yes,No,,No,,Casual,,Quiet,
wOw3Hb1ImlNBc0-eI13Dhw,Bamboo Thai Restaurant,"Thai,Bars,Salad",$11-30,$11-30,,19,29,50,129,124,Yes,Beer & Wine Only,,Yes,,,No,"Street, Validated",,Yes,Yes,,Free,,Casual,Casual,Average,
B0ZTztL-vjgm2Tc1ZxSbHg,Stockyard Restaurant,"Bars,Seafood,Steakhouses",$31-60,$31-60,,20,34,31,71,107,Yes,Full Bar,,Yes,,,Yes,Private Lot,,Yes,Yes,,No,,Casual,Casual,Average,
1exJzD7WPZzJ72JRG1CGWg,Lone Star Taco Bar,"Bars,Tacos",$11-30,$11-30,,0,0,0,0,0,Yes,Full Bar,,No,,,No,Street,,Yes,No,,No,,Hipster,Casual,Average,
ck8Id2EaJ20Alj0N8UMvBQ,Barcelona Wine Bar,"Tapas/Small Plates,Spanish,Wine Bars",$31-60,$31-60,,45,43,81,264,716,Yes,Full Bar,,Yes,,,Yes,Street,,Yes,Yes,Yes,Free,,Trendy,Casual,Loud,
FioFvBhgVPV2dZW3mxjxQQ,Lulu’s Allston,"American (New),Sports Bars",$11-30,$11-30,,20,34,69,123,149,Yes,Full Bar,,No,,,No,Street,,Yes,Yes,,No,,Casual,Casual,Average,
rK-fgI2_-x0T4lxwF9L4Ww,The Publick House,"Pubs,American (Traditional),Belgian",$11-30,$11-30,,58,100,162,425,387,Yes,Full Bar,,No,,,Yes,Street,,No,No,,Free,,Casual,Casual,Loud,
c3V_1Dakp0UspkZayn0AjQ,Loui Loui,"Southern,Cajun/Creole,Seafood",$11-30,$11-30,,9,10,13,36,78,Yes,No,,Yes,,No,No,Street,,Yes,Yes,Yes,No,,"Casual, Trendy",Casual,Average,
knIq-vPHJGFC0UzAtIFESw,The Abbey,American (New),$11-30,$11-30,,13,26,50,152,189,Yes,Full Bar,,No,,,Yes,Street,,Yes,No,,Free,,Casual,Casual,Average,
vVF-M6yj3uUljHFZ_WXeiw,Oppa Sushi,"Sushi Bars,Japanese,Seafood",$11-30,$11-30,,0,0,0,0,0,Yes,Beer & Wine Only,,Yes,,No,No,"Garage, Street, Private Lot",,Yes,Yes,No,No,,Casual,Casual,Average,
_vsgjhqs356JqeAPsP6XOQ,The Washington Square Tavern,"Bars,American (Traditional)",$11-30,$11-30,,0,0,0,0,0,Yes,Full Bar,,No,,,No,Street,,No,No,,No,,Casual,Casual,Average,
zmZ3HkVCeZPBefJJxzdJ7A,Le’s Vietnamese Resturant,"Vietnamese,Seafood,Noodles",Under $10,Under $10,,44,37,87,263,196,Yes,Beer & Wine Only,,Yes,,,No,Street,,Yes,Yes,Yes,No,,Casual,Casual,Average,
aqNd1SaHTNGATIOy24sYxQ,Carlo’s Cucina Italiana,"Italian,Desserts,Salad",$11-30,$11-30,,26,23,35,177,354,Yes,Beer & Wine Only,,Yes,,,No,Street,,Yes,Yes,,No,,Casual,Casual,Average,
QXdEeuL4cA_KcGMrh5o5rA,Sakanaya,"Seafood,Japanese,Seafood Markets",$11-30,$11-30,,0,0,0,0,0,Yes,No,,Yes,,No,No,Street,,Yes,No,,No,,Casual,Casual,Quiet,
-iOW4FIS61TbvsWH-vmhEQ,Ariana Restaurant,Afghan,$11-30,$11-30,,0,0,0,0,0,Yes,Beer & Wine Only,,Yes,,,No,Street,,Yes,Yes,,No,,,Casual,Quiet,
Vco3twYE0sD4kb0O1_PLoQ,Shiraz Persian Cuisine,"Middle Eastern,Persian/Iranian",$11-30,$11-30,,0,0,0,0,0,Yes,Full Bar,,Yes,,,No,Private Lot,,Yes,Yes,,No,,Casual,Casual,Quiet,
435AFqUlpfkv2MvSHw6S8A,Coolidge Corner Clubhouse,"Sports Bars,American (Traditional)",$11-30,$11-30,,0,0,0,0,0,Yes,Full Bar,,No,,,No,Street,,Yes,No,,No,,Casual,Casual,Loud,
9Jiax4wZ94ZmMcMzmpdvJA,Victoria Seafood Restaurant,"Chinese,Seafood",$11-30,$11-30,,51,16,60,97,56,Yes,Beer & Wine Only,,Yes,,,No,Street,,Yes,Yes,,No,,Casual,Casual,Average,
0f7KLXeVKJ1dZg5OqIGtPw,Upper Crust Pizzeria,"Pizza,Italian",$11-30,$11-30,,58,50,68,90,57,Yes,Beer & Wine Only,,Yes,,,No,Street,,Yes,No,Yes,Free,,Casual,Casual,Average,
djb7jPPMwVOBfCE5K7Ilog,Hops N Scotch,"Bars,American (New)",$11-30,$11-30,,42,58,80,116,106,Yes,Full Bar,,No,,,No,Street,,Yes,Yes,,Free,,Casual,Dressy,Average,
1iY5q6spBS_DNWyemY829A,Henrietta’s Table,"American (New),Breakfast & Brunch",$31-60,$31-60,,40,104,142,289,171,Yes,Full Bar,,No,,,Yes,Garage,,Yes,Yes,,Free,,,Casual,Average,
psmBt1lYNosvPbzlSbmJFA,Basta Pasta Trattoria,"Italian,Pizza",$11-30,$11-30,,0,0,0,0,0,Yes,No,,Yes,,,No,Street,,Yes,No,No,No,,Casual,Casual,Average,
uSM_sCp22BJWeatTDl6ODA,Harvest,"American (New),Seafood,Desserts",$31-60,$31-60,,35,79,91,143,128,Yes,Full Bar,,Yes,,,Yes,"Valet, Street",,No,Yes,Yes,Free,,"Classy, Upscale",Dressy,Average,
aVS9DWS7GUcF6oExGmYnlg,The Sinclair,"Music Venues,American (New),American (Traditional)",$11-30,$11-30,,0,0,0,0,0,Yes,Full Bar,,No,,,Yes,"Garage, Street, Private Lot, Validated",,Yes,Yes,,Free,,Hipster,Casual,Average,Live
pvlM--HZY1a8SqMXiwEz1A,Border Café,"Tex-Mex,Cajun/Creole,Mexican",$11-30,$11-30,,104,141,348,642,523,Yes,Full Bar,,No,,,No,Street,,Yes,No,,No,,Casual,Casual,Loud,
yoem-KW_Jln0LqsdLwLeUQ,Grafton Street,"American (Traditional),Pubs",$11-30,$11-30,,0,0,0,0,0,Yes,Full Bar,,No,,,Yes,"Street, Private Lot, Validated",,Yes,Yes,,Free,,Casual,Casual,Average,
UtS03G9OuSNuEtm-lHcf7w,The Cellar,"American (New),Bars",$11-30,$11-30,,6,19,41,111,79,No,Full Bar,,,,,No,Street,,Yes,No,,Free,,Casual,Casual,Average,
9qCjkJvgnpzOjKLodDEMxw,Moody’s Falafel Palace,"Middle Eastern,Falafel,Vegetarian",Under $10,Under $10,,80,68,77,196,110,No,No,,No,,,No,Street,,Yes,No,No,No,,Casual,Casual,Average,
HxegWRjhi7m73mXRI8qQIg,Rangzen Tibetan Place,"Asian Fusion,Bars",$11-30,$11-30,,5,30,68,151,117,Yes,Beer & Wine Only,,Yes,,,No,Street,,Yes,No,,No,,Casual,Casual,Quiet,
GLP0_Rs2y4Q0Gxk7r1dddQ,ZuZu,"Mediterranean,Breakfast & Brunch,American (New)",$11-30,$11-30,,33,33,46,105,83,Yes,Full Bar,,Yes,,,Yes,"Street, Validated",,Yes,Yes,,Free,,"Hipster, Casual",Casual,Average,
PsUYM5VJ4rSKCsOYyrWxbQ,City Streets Restaurant,"Sports Bars,American (Traditional)",$11-30,$11-30,,0,0,0,0,0,Yes,Full Bar,,Yes,,No,Yes,Private Lot,,Yes,Yes,Yes,Free,,"Casual, Intimate",Casual,Average,
vcqSLjbljnkTqXKOgi9q1Q,The Farm Grill & Rotisserie,"Greek,Mediterranean",$11-30,$11-30,,0,0,0,0,0,Yes,Beer & Wine Only,,Yes,,,Yes,Private Lot,,Yes,No,Yes,No,,Casual,Casual,Average,
jXPU_jCpEQ3Ni8MHqRs1Wg,Comella’s,"Italian,Chicken Wings,Pizza",$11-30,$11-30,,16,8,19,45,32,Yes,Beer & Wine Only,,Yes,,,No,Street,,Yes,No,,No,,Casual,,Average,
5oUOPgwX1fyfCpoy2oqKLA,Delfino Restaurant,Italian,$11-30,$11-30,,0,0,0,0,0,Yes,Beer & Wine Only,,No,,,No,Street,,No,No,,No,,Romantic,Casual,Average,
gvdQwBeV6bOCOvTKxVmTcg,Tempo,"Bars,American (Traditional)",$31-60,$31-60,,0,0,0,0,0,Yes,Full Bar,,Yes,,,No,Street,,Yes,Yes,,No,,,Casual,Average,Background
X0-4QinxqDweGOWMKsb9bA,Bison County BBQ Bar & Grille,"Barbeque,Sports Bars,Chicken Wings",$11-30,$11-30,,0,0,0,0,0,Yes,Full Bar,,Yes,,,No,Street,,Yes,Yes,,Free,,Casual,,Average,
JHYOusJBXe4wW33oJoEtzw,Margaritas Mexican Restaurant,"Mexican,Bars",$11-30,$11-30,,88,81,115,71,31,Yes,Full Bar,,Yes,,,Yes,Street,,Yes,Yes,,Free,,Casual,Casual,Average,
mlUbNTKVrPc4UbesjY7mbQ,Not Your Average Joe’s,American (New),$11-30,$11-30,,22,27,46,62,57,Yes,Full Bar,,Yes,,,No,"Street, Private Lot",,Yes,Yes,,Free,,Casual,Casual,Average,
HAF1_8TLXzea-2aXidpKNQ,Pasha,"Turkish,Mediterranean",$11-30,$11-30,,12,20,25,66,53,Yes,Beer & Wine Only,,Yes,,,No,Street,,Yes,Yes,,No,,,Casual,Average,
daDNnPM1VGJzymFw90-CDA,Biagio Ristorante & Bar,"Italian,Bars",$31-60,$31-60,,0,0,0,0,0,Yes,Full Bar,,Yes,,,Yes,Private Lot,,Yes,Yes,,No,,,Casual,Average,Background
8XH25e94Tf8UNzSr-OWHeQ,Tryst,American (New),$11-30,$11-30,,19,30,47,104,75,Yes,Full Bar,,Yes,,,No,Street,,No,Yes,,No,,,Casual,Average,
eqr5t-Py3oOhIuukz27dEA,Applebee’s Grill + Bar,"Sports Bars,Burgers,American (Traditional)",$11-30,$11-30,,0,0,0,0,0,Yes,Full Bar,,No,,,No,Private Lot,,Yes,No,,No,,Casual,Casual,Average,
TbidSY0CNknTW1WEqK33WA,Scutra Restaurant,"Modern European,American (New),Seafood",$31-60,$31-60,,14,26,23,43,72,Yes,Full Bar,,No,,,No,Private Lot,,No,Yes,,No,,,Casual,Average,
Of0s9Bp9sxRIrfS6_WsuXw,Demo’s,"Greek,Mediterranean",Under $10,Under $10,,0,0,0,0,0,Yes,Beer & Wine Only,,Yes,,,No,Private Lot,,Yes,No,,No,,Casual,Casual,Average,
IGbKO5xKMZrTsPtmDYaLwQ,Chateau Restaurant,Italian,$11-30,$11-30,,0,0,0,0,0,Yes,Full Bar,,Yes,,,No,Private Lot,,Yes,Yes,,No,,Casual,Casual,Average,
nlZghMJ6hcu_b7gzwzYdxQ,Sofia Italian Steakhouse,"Steakhouses,Italian",$31-60,$31-60,,0,0,0,0,0,Yes,Full Bar,,No,,,No,Private Lot,,Yes,Yes,,No,,,Casual,Average,
frTp4FF8-pxlAUREcMpStA,Fuji Steak House,"Japanese,Steakhouses,Sushi Bars",$11-30,$11-30,,0,0,0,0,0,Yes,Full Bar,,,,,No,Street,,Yes,Yes,,No,,Casual,Casual,Average,
zSP2I7sQR3rWQUdo4LBNVQ,Dedham Square Coffeehouse,"Coffee & Tea,Bars,Internet Cafes",Inexpensive,Inexpensive,,5,5,11,18,16,Yes,Beer & Wine Only,,No,,,Yes,"Street, Private Lot",,Yes,Yes,,Free,,Casual,,Quiet,
l7iATT41a30rJDp5U_EmQg,Rincon Caribeno Restaurant,"Cocktail Bars,Dominican,Latin American",$11-30,$11-30,,0,0,0,0,0,Yes,Full Bar,,Yes,,,No,Street,,Yes,Yes,,Free,,Casual,Casual,Quiet,
OwpCK2Krj4qxvsA5672HOQ,Fairmount Grille,"American (New),American (Traditional),Bars",$11-30,$11-30,,14,18,19,41,61,Yes,Full Bar,,Yes,,,No,Street,,Yes,Yes,,Free,,Casual,Casual,Average,Live
loRoCo53b30zgHZ_mIMatQ,Amrheins,"American (New),Bars",$11-30,$11-30,,39,51,85,127,113,Yes,Full Bar,,Yes,,,Yes,Private Lot,,Yes,Yes,,No,,Casual,Casual,Average,
UHSgwkHN_4IxeHa3pcb5Pg,Nebo Cucina & Enoteca,"Italian,Gluten-Free,Pizza",$31-60,$31-60,,48,53,69,71,100,Yes,Full Bar,,No,,,Yes,"Valet, Garage, Validated",,Yes,Yes,,Free,,Trendy,,Loud,
OkWWg21Tln2nd7wBgURtJQ,Durgin-Park Restaurant,"Seafood,Steakhouses,Bars",$11-30,$11-30,,0,0,0,0,0,Yes,Full Bar,,No,,,No,Street,,Yes,Yes,,No,,Casual,Casual,Average,
xZ22_0eJOgaiKqIhoSHrPw,Bostonia Public House,"American (New),Music Venues,Cocktail Bars",$11-30,$11-30,,0,0,0,0,0,Yes,Full Bar,,Yes,,No,Yes,"Garage, Street",,Yes,Yes,Yes,Free,,,Casual,Average,Live
ttbt7fmqbU4YdT1jPXiBwg,Moulton’s Seafood Restaurant,Seafood,$11-30,$11-30,,9,10,10,38,50,Yes,Full Bar,,No,,,No,"Street, Private Lot",,Yes,Yes,,No,,Casual,Casual,Average,
vQNe7TD_QDpGtGbkaAqi8Q,Bacco,"Italian,Wine Bars,Southern",$11-30,$11-30,,23,37,46,100,92,Yes,Full Bar,,Yes,,,No,,,Yes,Yes,,No,,Romantic,Casual,Average,
Mgkv-Kr_tcANDPYnV4PqQw,Ristorante Euno,"Italian,Mediterranean,Pasta Shops",$31-60,$31-60,,29,15,19,42,120,Yes,Beer & Wine Only,,No,,,No,Street,,No,Yes,,No,,"Intimate, Romantic",Casual,Average,
ndO6w5EoVZI1-e_Adl-ltw,Benevento’s,"Italian,Pizza",$11-30,$11-30,,30,31,50,128,156,Yes,Full Bar,,No,,,No,Street,,Yes,Yes,,No,,Casual,Casual,Average,
wVHoVfbaIPvlP1sCzOuaZg,La Galleria 33,Italian,$11-30,$11-30,,0,0,0,0,0,Yes,Beer & Wine Only,,No,,,No,Street,,Yes,Yes,,No,,,Casual,Average,
pOEHpNa4B6oesmr5ltiv8A,Al Dente Restaurant,"Italian,Bakeries",$11-30,$11-30,,55,64,101,317,419,Yes,Beer & Wine Only,,Yes,,,No,,,Yes,Yes,,No,,Casual,Casual,Average,
PBt_sana68L9ZjgQzeJ7zw,Ristorante Fiore,"Italian,Wine Bars",$31-60,$31-60,,0,0,0,0,0,Yes,Full Bar,,No,,,Yes,"Valet, Street, Validated",,Yes,Yes,,Free,,,Casual,Average,
pW-9K9V5KQWxd-teAtcjlQ,Pagliucas,Italian,$11-30,$11-30,,54,41,51,70,70,Yes,Full Bar,,Yes,,,No,Street,,Yes,Yes,,No,,Casual,Casual,Loud,
55PGG2U1z-q7Z694F-B-_w,Bricco,Wine Bars,Pricey,Pricey,,55,74,112,210,361,Yes,Full Bar,,,,,No,"Valet, Street",,,Yes,,Free,,,,Average,
6t1Y9dPhbGLEpGEecV9wdA,Bistro 5,"Italian,Modern European",$31-60,$31-60,,0,0,0,0,0,Yes,Full Bar,,Yes,,,No,Street,,Yes,Yes,,Free,,Romantic,Casual,Average,
whrxNVNwY3BLb2SYPWsX0A,Salvatore’s Restaurant,"Italian,Bars",$11-30,$11-30,,0,0,0,0,0,Yes,Full Bar,,Yes,,,No,Street,,Yes,Yes,,No,,,Casual,Average,
mI7qw74vuPgf4LJWH3M2oA,Vintage Restaurant and Lounge,"Lounges,American (New)",$11-30,$11-30,,24,19,21,28,37,Yes,Full Bar,,Yes,,,Yes,Street,,Yes,Yes,,Free,,Classy,Casual,Quiet,Background
PAdsmCb-T8yzrLf137yCVg,Finn McCool’s Boston,Pubs,Moderate,Moderate,,3,1,4,1,11,Yes,Full Bar,,,,,No,,,,No,,,,Casual,,,
tFjWlJCDpANBRAPSMc5Cew,Bastille Kitchen,"Bars,French",$31-60,$31-60,,0,0,0,0,0,Yes,Full Bar,,Yes,,,No,,,Yes,Yes,Yes,Free,,"Trendy, Classy",Dressy,Average,Background
CWqL2TEq_V9tipCj-X-GoQ,Granary Tavern,"American (New),Pubs",$11-30,$11-30,,0,0,0,0,0,Yes,Full Bar,,No,,,Yes,"Garage, Street",,Yes,Yes,,Free,,Casual,Casual,Average,
6H313b3O6gTULpR7fV2FsQ,Meritage Restaurant,"American (New),Seafood,Wine Bars",Above $61,Above $61,,0,0,0,0,0,Yes,Full Bar,,No,,,No,"Valet, Garage, Validated",,No,Yes,,Free,,"Romantic, Upscale",Dressy,Average,
a1MOjLJXAIVmYZ2cG5gKCw,Sportello,Italian,$31-60,$31-60,,0,0,0,0,0,Yes,Beer & Wine Only,,No,,,No,Street,,Yes,Yes,,No,,Trendy,Casual,Average,
vxkOVmhReRa4XYfAT1hMxA,Villa Francesca,"Italian,Wine Bars,Seafood",$31-60,$31-60,,60,46,44,71,65,Yes,Full Bar,,No,,,No,,,Yes,Yes,,No,,,Casual,Average,Background
oz882XuZCxajKo64Opgq_Q,Barking Crab,"Seafood,Beer Bar",$11-30,$11-30,,0,0,0,0,0,Yes,Full Bar,,Yes,,,Yes,"Garage, Street",,Yes,Yes,,No,,Casual,Casual,Loud,
VDmV3tPEQqFxzqQJRJazNw,Legal Sea Foods,"Seafood,Bars,Salad",$31-60,$31-60,,101,125,197,397,323,Yes,Full Bar,,No,,,Yes,"Garage, Street, Validated",,Yes,Yes,,No,,Touristy,Casual,Average,
Hnx34LxtfW4XV0gZ18zMBg,Vinoteca di Monica,"Italian,Wine Bars,Seafood",$31-60,$31-60,,34,45,49,97,109,Yes,Full Bar,,No,,,No,"Valet, Street, Validated",,Yes,Yes,,Free,,,Casual,Average,
LGNpVs8cRBllNVml8wI0Vg,Limoncello Ristorante,"Italian,Wine Bars",$11-30,$11-30,,49,40,51,151,277,Yes,Beer & Wine Only,,Yes,,,No,"Street, Validated",,Yes,Yes,,Free,,,Casual,Average,
cCAAA6871M0K_EHZidkKmQ,The Daily Catch,"Seafood,Italian,Cocktail Bars",$31-60,$31-60,,111,79,59,65,75,Yes,Full Bar,,No,,,Yes,"Garage, Street",,Yes,Yes,,No,,,Casual,Average,
JzW-uJwi7cGd0c_VS8wvBQ,Ristorante Saraceno,"Italian,Seafood,Desserts",$11-30,$11-30,,48,48,60,121,143,Yes,Full Bar,,No,,,No,Street,,No,Yes,,No,,Intimate,Casual,Average,
kP1b-7BO_VhWk_0tvuA_tw,Carmelina’s,Italian,$11-30,$11-30,,37,52,106,266,767,Yes,Beer & Wine Only,,Yes,,,Yes,"Valet, Garage, Street, Validated",,Yes,Yes,,No,,Casual,Casual,Average,
uXOVFQraz1va1TrtgiqYTg,The Daily Catch,"Italian,Seafood,Coffee & Tea",$11-30,$11-30,,103,90,156,422,680,No,Beer & Wine Only,,No,,No,No,Street,,Yes,No,,No,,Casual,Casual,Average,
Pm-PU6CldkzBm4ci4r66LQ,The Reef,"Bars,American (Traditional)",$11-30,$11-30,,0,0,0,0,0,Yes,Full Bar,,No,,,Yes,,,Yes,No,,No,,,Casual,Average,
m5jCNOs6QG75lkzLhMMryA,Artu,"Italian,Diners,Wine Bars",$11-30,$11-30,,0,0,0,0,0,Yes,Full Bar,,Yes,,No,No,Street,,Yes,Yes,,Free,,,,Average,
uBXOc3uxpCSmd22P6LOeew,Mamma Maria,Italian,$31-60,$31-60,,0,0,0,0,0,Yes,Full Bar,,No,,,No,Valet,,No,Yes,,No,,Classy,Dressy,Average,
M0Z57IL0dlzpU6QCez0wGA,North Street Grille,"Breakfast & Brunch,American (New)",$11-30,$11-30,,48,48,83,229,343,Yes,Full Bar,,Yes,,,No,Street,,Yes,Yes,,Free,,Casual,Casual,Average,
T4nEmSQNeTKnNgcHpnvH0A,Panza,"Italian,Wine Bars,Salad",$11-30,$11-30,,0,0,0,0,0,Yes,Beer & Wine Only,,No,,,No,Street,,Yes,Yes,,No,,Casual,Casual,Average,
OFHWBXs5-UyEYf0-MrFDUw,Chart House,"Seafood,Steakhouses,Venues & Event Spaces",$31-60,$31-60,,0,0,0,0,0,Yes,Full Bar,,No,,,Yes,Valet,,Yes,Yes,,Free,,,Casual,Average,
2u_w3rthRzR2uEihW5BC4A,Giacomo’s Ristorante,"Italian,Wine Bars,Seafood",$11-30,$11-30,,0,0,0,0,0,No,Beer & Wine Only,,No,,,No,Street,,Yes,No,No,No,,Casual,Casual,Loud,
SvMVqEWYJXPOr6vJlRYnrg,Joe’s American Bar & Grill,"Burgers,American (Traditional),Cocktail Bars",$11-30,$11-30,,91,93,98,102,81,Yes,Full Bar,,Yes,,No,Yes,Street,,Yes,Yes,Yes,Free,,Casual,Casual,Average,
ZZoP396jgh6zK7PdZbHfPg,Cantina Italiana,Italian,$11-30,$11-30,,27,39,63,120,193,Yes,Beer & Wine Only,,No,,,No,"Valet, Street, Validated",,Yes,Yes,,Free,,Casual,Casual,Average,
boK3cyDPLmwNUV97doMCNA,Strega,Italian,$31-60,$31-60,,52,67,82,125,129,Yes,Beer & Wine Only,,Yes,,,No,"Valet, Garage, Street",,Yes,Yes,,Free,,,Casual,Average,
paMwLc8H3QUaGTkBteUT9g,La Summa,"Italian,Desserts,Salad",$11-30,$11-30,,0,0,0,0,0,Yes,Beer & Wine Only,,No,,,No,Street,,Yes,Yes,,No,,,Casual,Quiet,
4jkGZhbMPUg3Talazishtg,Strega Waterfront,Italian,$31-60,$31-60,,0,0,0,0,0,Yes,Full Bar,,Yes,,,Yes,"Valet, Garage, Street",,Yes,Yes,,Free,,"Classy, Upscale",Dressy,Average,
3IRA159ZbwTAEL3WqcZZiA,MJ O’Connor’s,"American (Traditional),Cocktail Bars",$11-30,$11-30,,0,0,0,0,0,Yes,Full Bar,,No,,,Yes,Garage,,Yes,Yes,,Free,,Casual,Casual,Average,
UYEP_G4fYVxasowdgd5Icg,Legal Test Kitchen,"American (New),Seafood,Cocktail Bars",$11-30,$11-30,,78,122,166,223,149,Yes,Full Bar,,No,,No,Yes,"Garage, Street, Validated",,Yes,Yes,,No,,Trendy,Casual,Average,
25sny_QPRSFNxCPqu1oRqw,75 on Liberty Wharf,"American (New),Desserts,Breakfast & Brunch",$11-30,$11-30,,36,43,40,59,41,Yes,Full Bar,,No,,,Yes,"Street, Private Lot",,Yes,Yes,Yes,Free,,,Casual,Average,
T1wflZohQRZVb9SKQapfFA,Del Frisco’s Double Eagle Steakhouse,"Seafood,Steakhouses,American (Traditional)",Above $61,Above $61,,94,121,134,198,313,Yes,Full Bar,,No,,,Yes,Valet,,No,Yes,,No,,Upscale,Dressy,Average,
REmBxSRBi_FDgwsTnjl3hA,No Name Restaurant,Seafood,$11-30,$11-30,,0,0,0,0,0,Yes,Full Bar,,No,,,No,"Street, Private Lot, Validated",,No,Yes,,No,,,Casual,Average,
et8Pwzjy2vjRhETAgEZ1Lg,Legal Harborside,"Seafood,American (Traditional),Wine Bars",$31-60,$31-60,,118,119,178,399,372,Yes,Full Bar,,No,,,Yes,"Valet, Garage, Street, Validated",,Yes,No,,No,,Trendy,Casual,Average,
h4Un3Tw0yKn7uCLseO7Bvg,Yankee Lobster,Seafood,$11-30,$11-30,,0,0,0,0,0,Yes,Beer & Wine Only,,Yes,,,Yes,"Street, Private Lot",,Yes,No,Yes,Free,,Casual,Casual,Average,
lLPXuKq9jRU06teLRtUjpA,D’Parma Restaurant,Italian,$11-30,$11-30,,6,7,4,30,43,Yes,Full Bar,,No,,,No,Street,,Yes,Yes,,No,,Casual,Casual,Average,
zvKfCAOBzVcxc1HLpoIY8A,Italian Express Pizzeria,"Italian,Pizza",$11-30,$11-30,,0,0,0,0,0,No,Beer & Wine Only,,Yes,,,Yes,Street,,Yes,Yes,,No,,Casual,Casual,Average,
wuiDoeKWClLrr2g2LSXA8w,KO Pies At the Shipyard,"Australian,Bars,Seafood",$11-30,$11-30,,5,12,16,79,153,Yes,Beer & Wine Only,,Yes,,No,Yes,,,Yes,No,,No,,Casual,Casual,Average,
bgV_tFbmVDKBxZni2my7XA,Mi Pueblito Restaurant,"Mexican,Salvadoran,Seafood",$11-30,$11-30,,0,0,0,0,0,Yes,Full Bar,,Yes,,,No,Street,,Yes,No,,No,,Casual,Casual,Average,
OP0xCQM6ih4VEhl2t39Z-g,Rino’s Place,Italian,$11-30,$11-30,,66,31,60,147,441,Yes,Beer & Wine Only,,Yes,,,No,Street,,Yes,Yes,,No,,Casual,Casual,Average,
yQL8SrSETbbCI1U5esVJQw,Ciao! Pizza & Pasta,"Italian,Pizza",$11-30,$11-30,,3,1,6,34,445,Yes,Beer & Wine Only,,No,,No,Yes,Private Lot,,Yes,No,Yes,No,,Casual,Casual,Average,
sUmsVV0RPP3Wx6MbWZKyIw,Legal Sea Foods,"Seafood,Breakfast & Brunch,Sandwiches",$11-30,$11-30,,0,0,0,0,0,Yes,Full Bar,,No,,,No,Garage,,Yes,No,,Free,,Casual,,Average,
kF_0OkW9sTQQNIwQfbDE3Q,Chelsea Station Restaurant Bar & Lounge,"Lounges,American (New),Cocktail Bars",$11-30,$11-30,,0,0,0,0,0,Yes,Full Bar,,No,,,No,"Street, Private Lot",,Yes,Yes,Yes,Free,,"Casual, Trendy, Classy",Casual,Average,
m2CNfH6HiwqgAW8JiFbqZQ,Abbondanza Ristorante,Italian,$11-30,$11-30,,7,4,11,14,27,Yes,Full Bar,,Yes,,,No,Street,,Yes,Yes,,Free,,Casual,Casual,Average,
tox6xX92Lws6IwFvVD8puQ,Mandarin Buffet,"Buffets,Chinese,Seafood",$11-30,$11-30,,0,0,0,0,0,Yes,Full Bar,,No,,,No,Private Lot,,Yes,No,,No,,Casual,Casual,Average,
BJXadWOLyGXzly7Iqx4W_g,El Potro Mexican Grill,"Mexican,Bars",$11-30,$11-30,,8,7,12,39,132,Yes,Full Bar,,Yes,,No,No,Private Lot,,Yes,No,Yes,Free,,Casual,Casual,Average,
lIDR_8ZuG7WvAaXaavreGg,Oliveira’s Restaurant,"Brazilian,Steakhouses,Lounges",$11-30,$11-30,,17,10,14,43,31,Yes,Full Bar,,Yes,,,No,"Valet, Garage, Street, Private Lot",,Yes,Yes,,Free,,Casual,Casual,Average,
eWzMs5B_Eht6i5zF0CrXFg,Nappi’s Restaurant,Italian,$11-30,$11-30,,0,0,0,0,0,No,No,,,,,No,Street,,Yes,Yes,,No,,Casual,Casual,Very Loud,
3bkcl_O4A8jgvZNjf8GptQ,Shanghai Moon,"Japanese,Sports Bars,Chinese",$11-30,$11-30,,0,0,0,0,0,Yes,Full Bar,,Yes,,,No,Street,,Yes,Yes,,Free,,Casual,Casual,Loud,Karaoke
4DJj4NtOHcnojgav5OyaOg,Sichuan Taste,"Seafood,Szechuan,Desserts",$11-30,$11-30,,0,0,0,0,0,Yes,Full Bar,,,,,No,,,Yes,Yes,,No,,Trendy,Casual,Average,
NsE1oIckP5CcmezF2UzMag,Tavolo,"Italian,Pizza,Pasta Shops",$11-30,$11-30,,13,30,26,68,47,Yes,Full Bar,,Yes,,,No,"Street, Private Lot",,Yes,Yes,,Free,,Casual,Casual,Average,
7hJ2pItzMoAJQKdvbAmdpw,Prime Pizza,"American (New),Seafood,American (Traditional)",$11-30,$11-30,,0,0,0,0,0,Yes,Full Bar,,No,,,Yes,,,Yes,Yes,,No,,Classy,Casual,Quiet,
CRV5pbiOC_EXCqQrRZ98BA,The Blarney Stone,"Bars,American (New)",$11-30,$11-30,,0,0,0,0,0,Yes,Full Bar,,Yes,,,Yes,Street,,,,,Free,,Casual,Casual,Average,
WGPQZMXwhFPgN6D_fk8t4Q,Burke’s Seafood,"Seafood,Seafood Markets,Fish & Chips",$11-30,$11-30,,8,11,14,62,131,Yes,Beer & Wine Only,,Yes,,,Yes,"Street, Private Lot",,Yes,No,,No,,Casual,Casual,Average,
x2C2q4DtrAWAIS6ZyJZjuA,Abby Park,"American (New),Salad,Breakfast & Brunch",$31-60,$31-60,,28,47,61,104,79,Yes,Full Bar,,Yes,,,No,Street,,Yes,Yes,,Free,,,Casual,Average,
zrCMsPgOciEc5wNbCpLI3Q,The Fat Cat,American (New),$11-30,$11-30,,101,110,181,489,512,Yes,Full Bar,,No,,,No,Street,,Yes,No,Yes,No,,Casual,Casual,Average,
6pNibxhQbAqQcEMr2Jy1Ew,Cagney’s Restaurant & Pub,"American (Traditional),Pubs",$11-30,$11-30,,25,18,16,29,55,Yes,Full Bar,,No,,,No,Street,,Yes,No,Yes,Free,,Casual,Casual,Average,Juke Box
4EcQBaxs-yxHRJjogbeFzQ,Gennaro’s Eatery,Italian,$11-30,$11-30,,0,0,0,0,0,Yes,Beer & Wine Only,,Yes,,,No,Private Lot,,Yes,No,,Free,,Casual,Casual,Average,
CmdVh1cYn536aa_1gjABDA,Webster’s Eatery,"Middle Eastern,Mediterranean",$11-30,$11-30,,0,0,0,0,0,Yes,Beer & Wine Only,,Yes,,,No,Private Lot,,Yes,No,Yes,No,,Casual,Casual,Quiet,
8oofaDz2nL0gzvAXaLbR4w,Coop’s Bar & Grille,"Bars,Pizza,American (New)",$11-30,$11-30,,0,0,0,0,0,Yes,Full Bar,,No,,,No,"Street, Private Lot",,Yes,Yes,,Free,,Casual,Casual,Average,Juke Box
qEZA-Vx-K3Snyn-tkQ3IJg,The Cheesecake Factory,"American (New),Desserts",$11-30,$11-30,,0,0,0,0,0,Yes,Full Bar,,No,,,Yes,Private Lot,,Yes,No,,No,,Casual,Casual,Loud,
vPXrpTMN3Z4IjcX4ZbrlJQ,Bay Pointe Waterfront Restaurant,"American (Traditional),Seafood,American (New)",$11-30,$11-30,,43,43,40,56,61,Yes,Full Bar,,Yes,,,Yes,Private Lot,,Yes,Yes,,Free,,Casual,Casual,Average,
lE9lGJMmsjwW8XgPOV-Wlw,Adriatic,Mediterranean,$11-30,$11-30,,0,0,0,0,0,Yes,Full Bar,,,,,Yes,,,Yes,Yes,,,,"Casual, Romantic",Casual,Average,
tC7u1XLE6kK31L809NfyUQ,Belle Isle Seafood,Seafood,$11-30,$11-30,,27,33,65,103,109,No,Beer & Wine Only,,No,,,Yes,Private Lot,,Yes,No,,No,,Casual,Casual,Average,
_S4j-74ZR4MUkWdiMlBoFQ,La Scala Restaurant,Italian,$11-30,$11-30,,29,15,30,53,44,No,Full Bar,,No,,,No,Private Lot,,Yes,Yes,,No,,Romantic,Casual,Average,
WLYDPoWGriHWtf4BmRVx2Q,Volare Restaurant and Bar,"Italian,Lounges",$11-30,$11-30,,0,0,0,0,0,Yes,Full Bar,,Yes,,,No,Street,,Yes,Yes,,No,,Casual,Casual,Average,Background
vUpbLwBKL1YiOreQ7p6Vfw,Santorini,Seafood,$11-30,$11-30,,10,4,9,18,9,Yes,Beer & Wine Only,,No,,,Yes,Private Lot,,Yes,No,,No,,Casual,Casual,Average,
WRv36_xwynru5AFVEyCOkw,The Marina Restaurant & Bar At the Wharf,"Seafood,Bars,American (Traditional)",$11-30,$11-30,,7,11,12,36,88,Yes,Full Bar,,Yes,,,Yes,"Valet, Private Lot",,Yes,Yes,Yes,Free,,Casual,Casual,Average,
Z0K_lNlqzz-aUDbvexpD5A,Victor’s Italian Restaurant,Italian,$11-30,$11-30,,6,1,9,14,60,Yes,No,,Yes,,,No,Street,,Yes,No,,No,,Casual,Casual,Average,
h7OHsyPpUFz9V7oiQWKFnQ,Pho Bistro,"Vietnamese,Soup,Seafood",Under $10,Under $10,,0,0,0,0,0,Yes,No,,Yes,,,No,"Garage, Street",,Yes,Yes,Yes,Free,,Casual,Casual,Average,
tPY0JQVfAVEvVeDauJKEHg,Exchange Street Bistro,"American (New),Breakfast & Brunch,Lounges",$11-30,$11-30,,25,39,50,146,131,Yes,Full Bar,,Yes,,,No,"Garage, Street, Validated",,Yes,Yes,,No,,Trendy,Casual,Average,
qVoaL553iwP7fpt0Xr4Bdg,CAVA,Mediterranean,$11-30,$11-30,,2,1,1,8,22,Yes,,,,,,No,,,Yes,No,,No,,,,,
IFamp2iDylLbgkxN8WaG0A,Vico Ristorante Italiano,Italian,$11-30,$11-30,,0,0,0,0,0,Yes,Beer & Wine Only,,No,,,No,Private Lot,,Yes,Yes,Yes,No,,,Casual,Average,
2K1A9fEqmo-N2J6VEBXcDA,Hibachi Steak House,"Steakhouses,Japanese",$11-30,$11-30,,0,0,0,0,0,Yes,Full Bar,,No,,,No,Private Lot,,Yes,Yes,,Free,,Casual,Casual,Average,
luDal00Gw3r-1KjI1454ZA,Sky,"American (New),Lounges",$31-60,$31-60,,18,25,28,58,45,Yes,Full Bar,,Yes,,,No,"Valet, Private Lot",,Yes,Yes,,Free,,Classy,Casual,Average,
YJJEptfpcPLsDY3zPCjpLg,Not Your Average Joe’s,American (New),$11-30,$11-30,,30,34,28,66,47,Yes,Full Bar,,Yes,,,No,Private Lot,,Yes,Yes,,Free,,"Casual, Trendy",Casual,Average,
757zI3bNk4CZ9cql3T6rbQ,Pho 98°C,"Vietnamese,Bars,Hot Pot",$11-30,$11-30,,4,10,15,46,98,Yes,Full Bar,,Yes,,,No,"Street, Private Lot",,Yes,Yes,Yes,Free,,Casual,Casual,Average,
xCKxmjueOoS5NBrOHuJ5Lg,Amelia’s,"Bars,Italian",$31-60,$31-60,,14,16,24,46,65,Yes,Full Bar,,Yes,,,No,Private Lot,,Yes,Yes,,No,,,Dressy,Average,Background
pUyPajqPzuN-hdQXW6T3dg,Maria’s Pizzeria,"Pizza,Italian,Salad",Under $10,Under $10,,0,0,0,0,0,Yes,Beer & Wine Only,,Yes,,,Yes,Private Lot,,Yes,Yes,,Free,,Casual,Casual,Average,
YYWfxVRa9v-48Lehza2RYQ,Captain Marden’s Seafoods,"Seafood Markets,Seafood,Breakfast & Brunch",$11-30,$11-30,,0,0,0,0,0,Yes,No,,Yes,,,No,Private Lot,,Yes,No,Yes,Free,,Casual,Casual,Average,
KjmdwtRacEv1c0_w3Nmsdg,Bocado Tapas Wine Bar,"Tapas Bars,Spanish,Wine Bars",$11-30,$11-30,,0,0,0,0,0,Yes,Full Bar,,No,,,Yes,Street,,Yes,Yes,Yes,Free,,,Casual,Average,Background
