Id,Name,category,lowprice,highprice,health_index,star1,star2,star3,star4,star5,Accept_Credit_Card,Alcohol,Appointment_Only,Caters,Delivers,Dogs_Allowed,Outdoor_Seating,Parking,Smoking_allowed,Take_out,Takes_Reservations,Wheelchair_Accessible,WIFI,Opened_24hrs,Ambience,Attire,Noise_Level,Music
z13gyo3YQnqPYRoQXMxvEg,Emmett Watson’s Oyster Bar,"Seafood,Live/Raw Food,Fish & Chips",$11-30,$11-30,,0,0,0,0,0,Yes,Beer & Wine Only,,No,,,Yes,,,Yes,No,,No,,Casual,Casual,Average,
Yt6FUNC5g5-UAOrqn4aqZQ,Cantina de San Patricio,"Mexican,Cocktail Bars",$11-30,$11-30,,0,0,0,0,0,Yes,Full Bar,,Yes,,,Yes,Street,,Yes,Yes,,Free,,Casual,Casual,Average,
CtWyb9g7OL2FVbt6J4ucVw,Kells Irish Restaurant & Pub,"Irish,Irish Pub",$11-30,$11-30,,0,0,0,0,0,Yes,Full Bar,,No,,,Yes,Street,,No,No,,Free,,Casual,Casual,Average,
VOPdG8llLPaga9iJxXcMuQ,The Pink Door,"Italian,Wine Bars,Seafood",$11-30,$11-30,,0,0,0,0,0,Yes,Full Bar,,No,,,Yes,"Garage, Street",,No,Yes,No,Free,,Romantic,Casual,Average,
UoDpuMVth1qUVapDz6caXQ,Steelhead Diner,"Diners,Seafood,American (Traditional)",$11-30,$11-30,,97,147,248,492,426,Yes,Full Bar,,No,,,No,Street,,Yes,Yes,,No,,Casual,,Average,
6I28wDuMBR5WLMqfKxaoeg,Pike Place Chowder,"Seafood,Soup",$11-30,$11-30,,75,141,580,1909,3437,Yes,No,,Yes,,Yes,Yes,Street,,Yes,No,,Free,,"Casual, Touristy",Casual,Average,
ziJexMx2QRd4kYMVbvaezQ,Mr. D’s Greek Delicacies,"Greek,Fast Food,Mediterranean",Under $10,Under $10,,10,11,28,74,91,Yes,No,,No,,,No,Street,,Yes,No,,No,,"Casual, Touristy",,Average,
G0rZd0e7KdgjL9tX0CqVug,Lowell’s Restaurant,"American (Traditional),Breakfast & Brunch,Seafood",$11-30,$11-30,,0,0,0,0,0,Yes,Full Bar,,No,,,No,Street,,Yes,No,,No,,"Casual, Touristy",Casual,Average,
fZQ-ALxlDkyM2gA2zmqo4w,Scout,American (New),$31-60,$31-60,,22,23,24,28,63,Yes,Full Bar,,No,,,Yes,Valet,,Yes,Yes,Yes,Free,,Trendy,Casual,Average,
-Ym-Y_Pd_D7NbHrpEuDfBg,Le Pichet,"French,Wine Bars,Brasseries",$11-30,$11-30,,45,55,101,335,417,Yes,Full Bar,,No,,,Yes,Street,,No,Yes,,No,,Casual,Casual,Average,
pR_ZdNuTT19aGuBkvXcacw,Pike Place Bar & Grill,"Seafood,Bars,American (Traditional)",$11-30,$11-30,,0,0,0,0,0,Yes,Full Bar,,No,,,No,Street,,Yes,Yes,,No,,,Casual,Average,
rgkwLKTmZdj72S1KmEkENg,Zig Zag Cafe,"American (New),Cocktail Bars,Mediterranean",$11-30,$11-30,,0,0,0,0,0,Yes,Full Bar,,No,,,Yes,"Garage, Street",,Yes,Yes,,No,,Trendy,Casual,Average,
sNzOsVvZlvSO_-sXs2MMHQ,Red Cedar & Sage,"American (New),Breakfast & Brunch,Cocktail Bars",$11-30,$11-30,,16,20,30,75,167,Yes,Full Bar,,Yes,,No,Yes,Street,,Yes,Yes,Yes,Free,,Casual,Casual,Average,
1T4v3kD1WzonYPf7izSP9Q,Etta’s,Seafood,$11-30,$11-30,,62,149,257,413,322,Yes,Full Bar,,No,,,Yes,Street,,Yes,Yes,,Free,,Casual,Casual,Average,
ZZ95hfUvppoVvVIXB8Ew_w,Cutters Crabhouse,"Seafood,Steakhouses,American (Traditional)",$11-30,$11-30,,96,133,196,377,369,Yes,Full Bar,,Yes,,,No,"Garage, Street, Validated",,Yes,Yes,,Free,,Casual,Casual,Average,
9c0lSX6KTe88-ZLva1nu0w,Maximilien,French,$11-30,$11-30,,0,0,0,0,0,Yes,Full Bar,,No,,,Yes,"Valet, Garage, Street, Validated",,Yes,Yes,,Free,,Romantic,Casual,Average,
M4SuI7Ww6lH4q4iWHn4H5A,Place Pigalle,French,$31-60,$31-60,,0,0,0,0,0,Yes,,,No,,,Yes,Street,,No,Yes,,No,,Romantic,Casual,Average,
1yBl7rAXsGRKyv9XYUOKng,IL Bistro,"Italian,Lounges,Seafood",$31-60,$31-60,,0,0,0,0,0,Yes,Full Bar,,Yes,,,Yes,Street,,Yes,Yes,,Free,,"Intimate, Romantic",Casual,Average,
9OlCkeK4TpBbQ76VPDOdYw,Pike Brewing Company,"American (Traditional),Brewpubs,Seafood",$11-30,$11-30,,0,0,0,0,0,Yes,Full Bar,,No,,No,No,Street,,Yes,Yes,Yes,Free,,"Casual, Touristy",Casual,Average,
UzaMrsDMM7xmxtWLPTrmKw,Shaker and Spear,"Seafood,American (New),Breakfast & Brunch",$11-30,$11-30,,19,25,36,83,340,Yes,Full Bar,,Yes,,,No,"Valet, Street",,No,Yes,Yes,Free,,"Trendy, Classy",Casual,Average,
ASdrTo7aVTTKNjVvT1mBDg,Fonte Café,"Breakfast & Brunch,Cafes,Cocktail Bars",$11-30,$11-30,,28,65,61,180,205,Yes,Full Bar,,No,,No,Yes,"Garage, Street",,Yes,No,Yes,Free,,Trendy,Casual,Average,
PkI2z4M1SgPkgVOMuHtuCg,Wild Ginger,"Thai,Pan Asian,Wine Bars",$11-30,$11-30,,0,0,0,0,0,Yes,Full Bar,,Yes,,,No,"Valet, Garage, Street",,Yes,Yes,,Free,,,Casual,Average,
5oGqBLSt3m8ijsDFsFBrtw,Yard House,"American (New),Vegetarian,Bars",$11-30,$11-30,,0,0,0,0,0,Yes,Full Bar,,No,,,No,"Garage, Street",,Yes,No,,Free,,Casual,Casual,Average,
MyhLWqqSB-yKQWEM7ASKZQ,Orfeo,"American (New),Italian,Pizza",$11-30,$11-30,,10,21,44,96,191,Yes,Full Bar,,Yes,,,No,Street,,Yes,Yes,,No,,Intimate,Casual,Average,
iHG_OTRDZs3WyxVeDA_gKQ,Dahlia Lounge,"American (New),Seafood,Breakfast & Brunch",$31-60,$31-60,,0,0,0,0,0,Yes,Full Bar,,Yes,,,No,Street,,Yes,Yes,,Free,,,Casual,Average,
tNQUY-hc561X0LVgABqRXA,The Fisherman’s Restaurant,"Seafood,Bars",$11-30,$11-30,,0,0,0,0,0,Yes,Full Bar,,No,,,Yes,Street,,Yes,Yes,,Free,,Touristy,Casual,Average,
I6GRfKx8vjlyQcHGE-z8vw,RN74,"American (New),French,Wine Bars",$31-60,$31-60,,0,0,0,0,0,Yes,Full Bar,,No,,,No,,,Yes,Yes,,No,,Trendy,Casual,Average,
wHALiNpbvcSJz9Ho4yNIYA,Buffalo Wild Wings,"Chicken Wings,Sports Bars,American (Traditional)",$11-30,$11-30,,0,0,0,0,0,Yes,Full Bar,,No,,,No,Street,,Yes,No,,Free,,Casual,,Loud,
A_Qxu5oMm2FxS8jtkAnXWw,The Crab Pot,Seafood,$31-60,$31-60,,296,325,478,540,320,Yes,Full Bar,,No,,,Yes,Street,,Yes,No,,No,,Touristy,Casual,Average,
vlz27XvIB1eQ-r-qfBcuWw,Veggie Grill,"American (New),Vegan,Vegetarian",$11-30,$11-30,,16,20,51,123,266,Yes,Beer & Wine Only,,Yes,,,No,Street,,Yes,No,,No,,Casual,Casual,Average,
oq5KCmPFKV28BnB4hjpo_g,Lola,"Greek,Mediterranean,Breakfast & Brunch",$11-30,$11-30,,115,171,449,1225,1543,Yes,Full Bar,,Yes,,,Yes,Street,,Yes,Yes,,Free,,Casual,Casual,Average,
pSYEUisXSN4DQ9A1BWGEQw,Andaluca,"Mediterranean,Breakfast & Brunch",$31-60,$31-60,,15,20,31,86,99,Yes,Full Bar,,No,,No,No,"Valet, Validated",,No,Yes,,Free,,"Intimate, Classy",Casual,Average,
Q_xYu-RqixW4O-TlEbc1fA,Assaggio Ristorante,"Italian,Pizza",$31-60,$31-60,,33,53,49,146,215,Yes,Full Bar,,Yes,,,Yes,"Garage, Street, Private Lot",,Yes,Yes,,Free,,,Casual,Average,
y3apOqnMuG-FMaRox5jKpg,Amber,"American (New),Dance Clubs,Lounges",$11-30,$11-30,,99,79,119,101,63,Yes,Full Bar,,Yes,,,Yes,Street,,Yes,Yes,,Free,,Trendy,Casual,Very Loud,DJ
Lw7NmZ3j-WEye97ywEmkXQ,Von’s 1000 Spirits,"American (New),Pizza,Venues & Event Spaces",$11-30,$11-30,,32,56,96,357,527,Yes,Full Bar,,No,,,Yes,Street,,Yes,Yes,,Free,,"Casual, Trendy",Casual,Average,
Xb2eROYyzpRlhNUu4LHSYg,Anthony’s Pier 66,Seafood,$31-60,$31-60,,0,0,0,0,0,Yes,Full Bar,,No,,,Yes,,,Yes,Yes,,No,,,Casual,Average,
bg0qKdvlv-V9CxIDnD-Xzg,Tula’s,"Jazz & Blues,American (New)",$11-30,$11-30,,0,0,0,0,0,Yes,Full Bar,,No,,,Yes,Street,,Yes,Yes,,No,,,Casual,Average,Live
gfSOa5szslnRgBmaiqrQ6g,"The Brooklyn Seafood, Steak & Oyster House","Seafood,Steakhouses,Live/Raw Food",$31-60,$31-60,,66,80,130,326,397,Yes,Full Bar,,No,,,No,"Garage, Street",,Yes,Yes,,No,,Classy,Casual,Average,
xqH038QcquJEMm5LIZHd5w,Elliott’s Oyster House,Seafood,$31-60,$31-60,,167,202,387,1030,1189,Yes,Full Bar,,No,,,Yes,Street,,Yes,Yes,,Free,,Touristy,Casual,Average,
GrFxdNfPvdlVrueRY7XERg,List,"Italian,Tapas/Small Plates,Cocktail Bars",$11-30,$11-30,,42,64,138,510,880,Yes,Full Bar,,No,,,Yes,Street,,No,No,,No,,Trendy,Casual,Average,
waY0VFsZX6c45i8hp8fNsw,Local 360,"American (New),Cocktail Bars",$11-30,$11-30,,0,0,0,0,0,Yes,Full Bar,,No,,,Yes,Street,,Yes,Yes,,Free,,Casual,Casual,Average,
ElUusJtZDE4QL0cohv3-_w,Frolik Kitchen + Cocktails,"American (New),Breakfast & Brunch,American (Traditional)",$11-30,$11-30,,0,0,0,0,0,Yes,Full Bar,,No,,,Yes,Garage,,Yes,No,,Free,,Trendy,Casual,Average,
qq1UaDz8MJFG6FERgLFfYQ,Cafe Nordstrom,"American (New),Cafes",$11-30,$11-30,,0,0,0,0,0,Yes,Beer & Wine Only,,No,,,No,Garage,,Yes,No,,Free,,Casual,Casual,Average,
z3B84RJM47aCnfZ69ai8cA,The Capital Grille,"Steakhouses,Seafood,Wine Bars",$31-60,$31-60,,28,47,79,192,436,Yes,Full Bar,,Yes,,,No,Valet,,Yes,Yes,Yes,Free,,"Classy, Upscale",Dressy,Average,
gamLTtrQNyjvaEPL6p6OVQ,Palace Kitchen,"American (New),Bars,Desserts",$11-30,$11-30,,44,90,157,385,367,Yes,Full Bar,,Yes,,,No,Street,,Yes,Yes,Yes,Free,,Casual,Casual,Average,
Mh5o8RtQNNUxhoJe6BxVkg,Purple Café and Wine Bar,"American (New),Wine Bars,Desserts",$31-60,$31-60,,75,126,287,827,828,Yes,Full Bar,,Yes,,,No,"Garage, Street, Validated",,Yes,Yes,,Free,,Trendy,Casual,Average,
nhRCkR9FY1OTpw-bv1u5Aw,The Grill From Ipanema,"Brazilian,Steakhouses,Buffets",$31-60,$31-60,,0,0,0,0,0,Yes,Full Bar,,No,,,No,"Street, Private Lot",,Yes,Yes,,Free,,Classy,Casual,Average,
h7grF-9qjAbzF6tEb-8tXA,Palomino,"American (New),Mediterranean",$11-30,$11-30,,57,104,164,313,195,Yes,Full Bar,,No,,,No,Garage,,Yes,Yes,,Free,,Classy,Casual,Average,
rbjjAfKbeR9xniV-4lZMNw,Il Fornaio,"Italian,Seafood,Pizza",$11-30,$11-30,,65,81,104,180,137,Yes,Full Bar,,Yes,,,No,Garage,,Yes,Yes,,Free,,Classy,Casual,Average,
2aILYZOWPxdlfqydJaYz_w,Tavolàta,Italian,$31-60,$31-60,,39,70,109,325,335,Yes,Full Bar,,No,,,Yes,Street,,No,Yes,,No,,Trendy,Casual,Average,
IQHdw04Ymy7JrlDLIBcrhA,Pike Place Chowder,"Seafood,Soup,American (Traditional)",$11-30,$11-30,,0,0,0,0,0,Yes,Beer & Wine Only,,No,,,No,"Valet, Garage, Street",,Yes,No,,Free,,Casual,Casual,Average,
HZJ4DZHcd-h06-muEiQgjQ,Miller’s Guild,"American (New),Steakhouses,Cocktail Bars",$31-60,$31-60,,0,0,0,0,0,Yes,Full Bar,,Yes,,,Yes,"Valet, Street",,No,Yes,,Free,,Trendy,Casual,Average,
767TjbLP3pzVaqD9mZMmyg,TanakaSan,"Asian Fusion,Breakfast & Brunch,Bars",$11-30,$11-30,,42,86,89,119,69,Yes,Full Bar,,Yes,,,Yes,"Garage, Street",,Yes,Yes,,Free,,Trendy,Casual,Average,
ElzS9k2liA5twi25T2XSXQ,Shuckers Oyster Bar,"American (New),Seafood,Live/Raw Food",$31-60,$31-60,,0,0,0,0,0,Yes,Full Bar,,No,,,No,,,No,Yes,Yes,No,,Classy,Casual,Average,
ThZHcBCmVj7RBzTZewAkrA,Anar,"Vegetarian,Juice Bars & Smoothies,Mediterranean",$11-30,$11-30,,0,0,0,0,0,Yes,No,,Yes,,No,No,"Garage, Street",,Yes,No,Yes,Free,,"Hipster, Casual, Trendy",Casual,Average,
9GzjKeifGJ6KzWkaPftYHg,Loulay Kitchen & Bar,"French,Bars,Breakfast & Brunch",$11-30,$11-30,,0,0,0,0,0,Yes,Full Bar,,No,,,No,"Valet, Garage, Street",,Yes,Yes,,Free,,"Romantic, Classy",Casual,Average,
egty45DOptyWQDJosNHFrQ,Ivar’s Acres of Clams,"Seafood,Bars,American (Traditional)",$11-30,$11-30,,0,0,0,0,0,Yes,Full Bar,,Yes,,No,Yes,"Street, Private Lot",,Yes,Yes,Yes,Free,,Casual,Casual,Average,
czZc0dlufumMXh9-Ncq2xA,Barolo Ristorante,"Italian,Wine Bars",$11-30,$11-30,,0,0,0,0,0,Yes,Full Bar,,No,,,Yes,"Valet, Street",,Yes,Yes,,No,,Romantic,Dressy,Average,
dZAqSLx8_f_BIAtNOiODvA,Eggs & Plants,"Mediterranean,Vegetarian,Middle Eastern",Under $10,Under $10,,1,6,14,63,140,Yes,No,,Yes,,,Yes,"Street, Private Lot",,Yes,No,Yes,Free,,Casual,Casual,Average,
bE_dVISXXsmN-1qv-wN6lg,Zane + Wylie’s Seattle Steakhouse,"Bars,Steakhouses",$31-60,$31-60,,0,0,0,0,0,Yes,Full Bar,,Yes,,No,No,Validated,,Yes,Yes,Yes,Free,,,,,
sjcNiTr1YjpbFOMKkakH4Q,Blueacre Seafood,"Seafood,Live/Raw Food",$31-60,$31-60,,76,104,141,331,368,Yes,Full Bar,,Yes,,,Yes,"Garage, Street",,Yes,Yes,,Free,,Classy,Casual,Average,
JdYZWIAzjxVyUjt0zNR7kw,FareStart Restaurant,"American (New),Salad,Sandwiches",$11-30,$11-30,,1,9,33,111,167,Yes,Beer & Wine Only,,Yes,,,No,Street,,Yes,Yes,,Free,,Casual,,Average,
dAeObODKI5e8de3QpZVI3g,La Vita E Bella,"Italian,Pizza,Wine Bars",$11-30,$11-30,,0,0,0,0,0,Yes,Full Bar,,,,,Yes,Street,,Yes,Yes,,No,,Romantic,Casual,Average,
b4Iw-XvcstHPYaSIAsL0fg,El Gaucho,"Steakhouses,Seafood,Venues & Event Spaces",Above $61,Above $61,,43,63,125,244,597,Yes,Full Bar,,Yes,,,No,"Valet, Street",,Yes,Yes,,Free,,"Romantic, Classy, Upscale",Dressy,Average,
MUh_xgm8Uz58v7JH9F9dfQ,Urbane,"Lounges,American (New),Breakfast & Brunch",$11-30,$11-30,,55,63,90,150,85,Yes,Full Bar,,No,,,No,"Valet, Street",,No,Yes,,Free,,Trendy,Casual,Average,
Fd2P_10fj7Kv8JdIa2oQgQ,Tulio,"Italian,Bars,Breakfast & Brunch",$31-60,$31-60,,21,42,80,197,244,Yes,Full Bar,,No,,,Yes,"Valet, Garage, Street",,No,Yes,,No,,Classy,Dressy,Average,
dVqRpLvcf2nlNZSF6zCzxw,Jerk Shack,"Caribbean,Cocktail Bars,Beer Bar",$11-30,$11-30,,18,8,12,29,99,Yes,Full Bar,,Yes,,,Yes,"Street, Private Lot",,Yes,Yes,Yes,No,,"Casual, Intimate",Casual,Average,
YhWzCrNLz2bb4LDi7stPjQ,Six Seven Restaurant,"American (New),Seafood",$31-60,$31-60,,0,0,0,0,0,Yes,Full Bar,,No,,,Yes,"Valet, Street, Private Lot",,No,Yes,Yes,Free,,Classy,Dressy,Average,
lxvncNXJKThTmLmARv72pA,Metropolitan Grill,"American (Traditional),Steakhouses",Above $61,Above $61,,73,88,162,323,892,Yes,Full Bar,,Yes,,No,No,Valet,,Yes,Yes,,Free,,Classy,Dressy,Average,
NTm6VhKpSIKkAf9D2RsElw,Daawat Indian Grill & Bar,"Indian,Bars,Buffets",$11-30,$11-30,,49,32,52,99,196,Yes,Full Bar,,Yes,,,No,Street,,Yes,Yes,Yes,No,,Casual,Casual,Average,
NaGkRnNbLcJdI8cF8JE3hw,Tilikum Place Cafe,"American (New),Breakfast & Brunch",$11-30,$11-30,,0,0,0,0,0,Yes,Full Bar,,No,,No,No,Street,,Yes,Yes,Yes,No,,,Casual,Average,
agJ6rlBoItb5zcs9f8oeLg,Mantra,"Thai,Seafood,Salad",$11-30,$11-30,,26,18,42,90,130,Yes,Full Bar,,Yes,,,No,,,Yes,Yes,,No,,"Casual, Trendy",Casual,Average,
67QmiVYdCbG4PRmF61A5bw,Il Corvo Pasta,"Italian,Noodles,Pasta Shops",$11-30,$11-30,,0,0,0,0,0,Yes,Beer & Wine Only,,No,,,No,Street,,Yes,No,,No,,Casual,Casual,Average,
zEZi-VmBSZaDq09ab2bT9g,AQUA by El Gaucho,Seafood,Above $61,Above $61,,66,82,101,190,396,Yes,Full Bar,,Yes,,,Yes,Valet,,Yes,Yes,,Free,,"Classy, Upscale",Dressy,Average,
w8Frh2uJcT7eWBtPEBxfkA,Terra Plata,"American (New),Cocktail Bars,Wine Bars",$31-60,$31-60,,45,83,137,245,271,Yes,Full Bar,,No,,,Yes,Street,,No,Yes,,No,,Trendy,Casual,Average,
fDSYMSm8kFtro2GAaVZYvw,Six Arms,"Pubs,Breweries,American (Traditional)",$11-30,$11-30,,41,58,112,182,88,Yes,Full Bar,,No,,,No,Street,,Yes,No,,Free,,Casual,Casual,Average,
2rthL8lxThA-k1hnpB9utw,Sport Restaurant & Bar,"Sports Bars,American (Traditional)",$11-30,$11-30,,41,65,90,133,86,Yes,Full Bar,,Yes,,,Yes,Street,,Yes,Yes,,Free,,Casual,Casual,Average,
BvOLqjt68GEJREOYQ_vdHw,Taylor Shellfish Farms - Seattle,"Seafood,Live/Raw Food",$11-30,$11-30,,0,0,0,0,0,Yes,Beer & Wine Only,,No,,,Yes,Street,,Yes,No,,No,,Casual,Casual,Average,
sIsQfDAV9QjgR4c_vi_UPw,Flying Fish,Seafood,$31-60,$31-60,,91,113,134,207,146,Yes,Full Bar,,Yes,,,Yes,"Garage, Street",,Yes,Yes,,Free,,,Casual,Average,
cvYRvO88E4ktaGutED6mRw,Brave Horse Tavern,"American (Traditional),Pubs",$11-30,$11-30,,49,81,182,335,127,Yes,Full Bar,,Yes,,,Yes,"Garage, Street",,Yes,Yes,,Free,,Casual,Casual,Loud,
ShLvbrlY9qlJOwhkRINYOQ,Main Street Gyros,"Greek,Mediterranean,Halal",Under $10,Under $10,,16,18,11,52,58,Yes,No,,Yes,,,Yes,Street,,Yes,Yes,No,No,,"Divey, Casual",Casual,Average,
0cqa2F_cfIjxAC3nqw__1w,Serious Pie & Biscuit,"Pizza,Sandwiches,Bars",$11-30,$11-30,,62,93,248,553,582,Yes,Full Bar,,Yes,,,No,Street,,Yes,No,,Free,,Casual,,Average,
T7XmistL2pQrW3hY3oTpng,Salumi Artisan Cured Meats,"Italian,Sandwiches,Meat Shops",$11-30,$11-30,,0,0,0,0,0,Yes,Beer & Wine Only,,Yes,,,No,Street,,Yes,No,,No,,Casual,,Average,
3LJ62y8ZECbs0Y3O80xR9Q,Quality Athletics,"American (New),American (Traditional),Sports Bars",$11-30,$11-30,,0,0,0,0,0,Yes,Full Bar,,Yes,,No,Yes,Street,,Yes,Yes,Yes,Free,,Casual,Casual,Loud,
3F5WWcqqboa-NHbYFs4LAw,Girin Korean Ssam Bar,"Korean,Steakhouses,Bars",$11-30,$11-30,,0,0,0,0,0,Yes,Full Bar,,No,,No,No,Street,,Yes,Yes,Yes,No,,,Casual,Average,
YQm-FVEo1m_AQPMrIZ4tiA,Elysian Fields,"American (New),Breweries,Bars",$11-30,$11-30,,70,74,99,120,45,Yes,Full Bar,,Yes,,No,Yes,Street,,Yes,Yes,Yes,No,,Casual,Casual,Average,
Y-OgQKqreMaajTUCPbLPKg,Tsukushinbo,"Japanese,Sushi Bars,Seafood",$11-30,$11-30,,38,23,87,250,377,Yes,Beer & Wine Only,,No,,No,No,Street,,No,Yes,,No,,Casual,Casual,Average,
Qo-l9tezF_ApTFzUhnPK1w,Revel,"Korean,American (New)",$11-30,$11-30,,0,0,0,0,0,Yes,Full Bar,,No,,,Yes,"Street, Private Lot",,Yes,No,,No,,Trendy,Casual,Average,
KWR8Qb-43BZv016WlpnQ9w,Feierabend,"German,Pubs",$11-30,$11-30,,28,23,77,196,154,Yes,Full Bar,,No,,,Yes,Street,,Yes,No,,Free,,Casual,Casual,Average,
CmlE763fqFgkBq4FK2GWtg,Lark,"Tapas/Small Plates,American (New),Breakfast & Brunch",$31-60,$31-60,,15,30,28,36,90,Yes,Full Bar,,No,,,No,Street,,No,Yes,,No,,Trendy,Dressy,Average,
k3riaoflafifFUSNKXbfTw,Via Tribunali - Capitol Hill,"Pizza,Italian,Wine Bars",$11-30,$11-30,,0,0,0,0,0,Yes,Full Bar,,No,,,No,Street,,Yes,Yes,,No,,Romantic,Casual,Average,Background
e8UiD4SOyfyv5PIB5i1EvQ,Kau Kau Barbeque,"Barbeque,Seafood,Cantonese",Under $10,Under $10,,0,0,0,0,0,Yes,Beer & Wine Only,,Yes,,,No,Street,,Yes,No,Yes,No,,Casual,Casual,Average,
KqtOj1rpjcucDFBC9UZM9w,Honey Court Seafood Restaurant,"Seafood,Dim Sum,Cantonese",$11-30,$11-30,,0,0,0,0,0,Yes,Beer & Wine Only,,No,,,No,Street,,Yes,Yes,,No,,Casual,Casual,Average,
jfJ6rfdlYEIYVT80MfTuAQ,Chutneys Queen Anne,"Indian,Seafood",$11-30,$11-30,,49,34,40,87,144,Yes,Full Bar,,Yes,,,No,Street,,Yes,Yes,,No,,Casual,Casual,Quiet,
GoWeog3TbHM6SL9dL_AnTA,Jade Garden,"Dim Sum,Seafood,Cantonese",$11-30,$11-30,,0,0,0,0,0,Yes,Beer & Wine Only,,No,,,No,Street,,Yes,Yes,,No,,Casual,Casual,Loud,
u_gP88O25oTDpXSArKgaOw,Grim’s,"Bars,American (New),Breakfast & Brunch",$11-30,$11-30,,76,29,54,110,52,Yes,Full Bar,,No,,,Yes,Street,,Yes,Yes,,Free,,Hipster,Casual,Average,
6eOJHfIIIP_t850DlppSeQ,House of Hong Restaurant,"Dim Sum,Seafood,Cantonese",$11-30,$11-30,,76,81,70,75,43,Yes,Full Bar,,Yes,,,No,"Street, Private Lot",,Yes,Yes,,No,,Casual,Casual,Average,
ANRznMzskndUpHA93KdEbA,Café Presse,"French,Bars,Breakfast & Brunch",$11-30,$11-30,,39,61,124,449,425,Yes,Full Bar,,No,,,Yes,Street,,Yes,Yes,,Free,,Casual,Casual,Average,
j6bAliQmvwuqiVjFj2AXyQ,Osteria la Spiga,Italian,$11-30,$11-30,,0,0,0,0,0,Yes,Full Bar,,No,,,Yes,Street,,Yes,Yes,,No,,Classy,Casual,Average,
jDMRkUp1o-CI-FkUa0Xgcg,Barrio Mexican Kitchen & Bar,"Mexican,Bars",$11-30,$11-30,,66,89,202,422,296,Yes,Full Bar,,Yes,,,Yes,"Garage, Street",,Yes,Yes,,Free,,Trendy,Casual,Average,
6ibx5qR8YJ_AUpKUAVc1pw,Daniel’s Broiler,"Steakhouses,Seafood",Above $61,Above $61,,0,0,0,0,0,Yes,Full Bar,,Yes,,,Yes,"Valet, Street, Private Lot",,Yes,Yes,,No,,Classy,Dressy,Average,
ct-RQp_hzpiiMg3VVCwfPg,The Melting Pot - Seattle,Fondue,$31-60,$31-60,,0,0,0,0,0,Yes,Full Bar,,No,,,No,"Valet, Street",,No,Yes,,No,,Romantic,Casual,Average,
8sZ27zjv8tYxEmx_0dngrA,Jai Thai,"Thai,Bars,Comedy Clubs",$11-30,$11-30,,0,0,0,0,0,Yes,Full Bar,,Yes,,,No,Street,,Yes,No,,Free,,Casual,Casual,Average,
tWzPbuaUwhjkjIqE0YE4dA,Peso’s Kitchen & Lounge,"Mexican,Lounges",$11-30,$11-30,,160,139,249,449,252,Yes,Full Bar,,No,,,No,Street,,Yes,Yes,,Free,,Trendy,Casual,Loud,
r2qcG59sAqqptnwL4aJGhg,Toulouse Petit Kitchen & Lounge,"Cajun/Creole,Bars",$11-30,$11-30,,196,246,419,1169,1538,Yes,Full Bar,,No,,,No,"Valet, Street",,Yes,Yes,Yes,Free,,Trendy,Casual,Average,
ZuVJF02rxWZ12UBe591I0g,Crawfish King,"Cajun/Creole,Seafood,Bars",$11-30,$11-30,,0,0,0,0,0,Yes,Full Bar,,Yes,,No,No,"Street, Private Lot",,Yes,Yes,Yes,Free,,Casual,Casual,Average,
wOkaZPQW2IRvG_eXYmdCYg,Morfire,"Thai,Hot Pot,Bars",$11-30,$11-30,,0,0,0,0,0,Yes,Full Bar,,,,,No,Street,,Yes,Yes,,Free,,"Casual, Trendy",Casual,Average,
n6hB6mIctJQDn-DAH7MpGg,Duke’s Seafood & Chowder,"Seafood,Bars",$11-30,$11-30,,29,50,103,235,261,Yes,Full Bar,,Yes,,,Yes,"Street, Private Lot",,Yes,Yes,Yes,Free,,Casual,Casual,Average,
BQhcvUAbrqzsLsew1STD-w,Skillet Capitol Hill,"Breakfast & Brunch,American (New)",$11-30,$11-30,,93,135,240,572,616,Yes,Full Bar,,Yes,,No,Yes,Street,,Yes,Yes,Yes,Free,,Casual,Casual,Average,
fXjLgdq2zGILXumDsijHCw,Marjorie,American (New),$31-60,$31-60,,0,0,0,0,0,Yes,Full Bar,,Yes,,,Yes,"Garage, Street",,Yes,Yes,,Free,,Intimate,Casual,Average,
JGHqF70JD9ytZt_EP3G0bA,Poppy,"American (New),Tapas/Small Plates",$31-60,$31-60,,0,0,0,0,0,Yes,Full Bar,,No,,,Yes,Street,,No,Yes,,No,,Trendy,Casual,Average,
QeeiVw_OjxWmTiSH0A6qgA,Rione XIII,"Pizza,Italian",$11-30,$11-30,,0,0,0,0,0,Yes,Full Bar,,No,,,Yes,Street,,No,Yes,,No,,Trendy,Casual,Average,
4a-QEKB1T_f5ScSx3muxLA,Coastal Kitchen,"Breakfast & Brunch,Seafood,American (Traditional)",$11-30,$11-30,,0,0,0,0,0,Yes,Full Bar,,No,,,Yes,Street,,Yes,Yes,Yes,No,,Casual,Casual,Average,
9WLb59RD5E72AtWdmFZ6ww,China Harbor Restaurant,"Chinese,Venues & Event Spaces,Seafood",$11-30,$11-30,,0,0,0,0,0,Yes,Full Bar,,Yes,,,No,Private Lot,,Yes,Yes,,Free,,Casual,Casual,Quiet,
R7RFX9IlMgNftKT0f9uudQ,Serafina,"Italian,Wine Bars,Tapas/Small Plates",$31-60,$31-60,,33,56,72,198,278,Yes,Full Bar,,Yes,,,Yes,Street,,Yes,Yes,,Free,,Romantic,Casual,Average,Live
Y5r2AvXmSc-YA6MGXjK6Ow,Salty’s,"Seafood,Breakfast & Brunch,Desserts",$31-60,$31-60,,0,0,0,0,0,Yes,Full Bar,,Yes,,,Yes,"Valet, Street, Private Lot",,Yes,Yes,,Free,,,Casual,Average,
FrHhYevaOhs40xpuOpQiHg,Canlis,"American (New),Seafood",Above $61,Above $61,,52,115,150,224,760,Yes,Full Bar,,No,,,No,Valet,,No,Yes,,Free,,"Classy, Upscale",Formal (Jacket Required),Average,
Gt6679tZz_fhYusb2CXPSg,Orient Express,"Chinese,Lounges,Thai",$11-30,$11-30,,65,41,30,41,39,Yes,Full Bar,,No,,,No,Private Lot,,Yes,Yes,,Free,,Divey,Casual,Average,
zT5gi6FnFR-qna_orP1fwA,Travelers Thali House,"Indian,Vegetarian,Bars",$11-30,$11-30,,0,0,0,0,0,Yes,Beer & Wine Only,,No,,,Yes,Street,,Yes,No,,No,,Casual,Casual,Average,
2FS5eBVcFJ_W461ylUs38Q,Palisade,"Seafood,Steakhouses,Asian Fusion",$31-60,$31-60,,43,109,167,369,556,Yes,Full Bar,,Yes,,,Yes,"Valet, Private Lot",,Yes,Yes,,Free,,"Romantic, Classy, Upscale",Dressy,Average,
FWQCmFEe74oh7UmSHjZ1LQ,Cafe Turko,"Halal,Turkish,Mediterranean",$11-30,$11-30,,40,41,80,208,453,Yes,No,,Yes,,Yes,Yes,Street,,Yes,Yes,Yes,Free,,Casual,Casual,Average,
duu0PHYLfb5bndqcNEVS2Q,Bar Del Corso,"Italian,Pizza",$11-30,$11-30,,14,18,29,106,143,Yes,Full Bar,,No,,,No,Street,,Yes,No,,Free,,Casual,Casual,Average,
CPmmUbXk9_CBM890V30zzw,Sinbad Express,Mediterranean,Under $10,Under $10,,0,0,0,0,0,Yes,No,,No,,,Yes,Street,,Yes,No,,Free,,Casual,Casual,Average,
17EshTjFVV-zvkx2VoQCkA,Shawn O’Donnell’s American Grill & Irish Pub,"Irish,Irish Pub",$11-30,$11-30,,3,1,2,10,64,Yes,Full Bar,,Yes,,Yes,Yes,"Street, Private Lot, Validated",,Yes,Yes,Yes,Free,,Casual,Casual,Average,
ldDO6kIhUfwh6KRiKatF4g,Westward,"American (New),Seafood,Desserts",$11-30,$11-30,,0,0,0,0,0,Yes,Full Bar,,Yes,,No,Yes,Street,,No,Yes,Yes,Free,,,Casual,Average,
gP921Ghfb7ERWmOjl7r-ng,Ivar’s Salmon House,"Seafood,Lounges,American (Traditional)",$11-30,$11-30,,0,0,0,0,0,Yes,Full Bar,,No,,,Yes,"Street, Private Lot",,Yes,Yes,,Free,,Casual,Casual,Average,
4Hx5TQ3tQ47LPeRJZnfi5g,Mondello Ristorante Italiano,"Italian,Seafood,Mediterranean",$11-30,$11-30,,0,0,0,0,0,Yes,Beer & Wine Only,,Yes,,,Yes,Street,,Yes,Yes,Yes,No,,Casual,Casual,Average,
6OVriioGG7w7Nwq5Q25WtA,Portage Bay Cafe - Roosevelt,"American (New),Breakfast & Brunch,Cafes",$11-30,$11-30,,0,0,0,0,0,Yes,Beer & Wine Only,,Yes,,,Yes,"Street, Private Lot",,Yes,Yes,,No,,Casual,Casual,Loud,
yAiBbQSOVPngdQQg9Bs6Sw,Bodrum Bistro Anatolian Kitchen,"Mediterranean,Turkish",$11-30,$11-30,,4,9,12,20,82,Yes,Beer & Wine Only,,Yes,,,No,Street,,Yes,Yes,,No,,Casual,Casual,Average,
yi9xXidbjh_bTM9J0MElwQ,Bizzarro Italian Cafe,"Italian,Desserts,Bars",$11-30,$11-30,,0,0,0,0,0,Yes,Beer & Wine Only,,No,,,No,Street,,Yes,Yes,,No,,Casual,Casual,Average,
-YlkKYlHYKNcrBs21V-WfQ,Chinook’s,"Seafood,Breakfast & Brunch,Bars",$11-30,$11-30,,30,62,113,233,236,Yes,Full Bar,,Yes,,,Yes,Private Lot,,Yes,Yes,,No,,Casual,Casual,Average,
cO7k3WmV6DFATibK0QHftg,El Chupacabra,"Bars,Mexican",$11-30,$11-30,,0,0,0,0,0,Yes,Full Bar,,No,,,Yes,Street,,Yes,No,,No,,"Divey, Casual",Casual,Average,Juke Box
A9dUrXhVZOxt3Hy2S5jVuQ,Spud Fish & Chips,"Seafood,Fish & Chips,Fast Food",$11-30,$11-30,,18,45,49,150,124,Yes,No,,No,,Yes,Yes,"Street, Private Lot",,Yes,No,,No,,Casual,,Average,
XiDp4JcHP_y438nUsSFSvg,Perché No Pasta & Vino,"Italian,Venues & Event Spaces,Wine Bars",$11-30,$11-30,,32,29,40,88,189,Yes,Full Bar,,Yes,,,Yes,Street,,Yes,Yes,,Free,,Romantic,Casual,Average,
BeGo3TSuhF7fOv0dzp0s1g,Pizzeria Credo,"Pizza,Italian",$11-30,$11-30,,0,0,0,0,0,Yes,Full Bar,,Yes,,,No,Street,,Yes,Yes,,Free,,Casual,Casual,Average,
LaF6ZwGWP-y8pAs5M3LUBQ,Jak’s Grill,"American (Traditional),Steakhouses",$31-60,$31-60,,0,0,0,0,0,Yes,Full Bar,,No,,,No,Street,,Yes,No,Yes,Free,,,Casual,Average,
bibwEKWWSyB422Ap-t7Sdw,Alchemy,"Cocktail Bars,American (New),Lounges",$11-30,$11-30,,14,17,18,30,76,Yes,Full Bar,,Yes,,No,No,"Garage, Street",,Yes,Yes,Yes,Free,,"Trendy, Romantic",Casual,Average,
FJlMfEtr7E-uTzUxspuzIg,Cedars Restaurant,"Indian,Mediterranean",$11-30,$11-30,,0,0,0,0,0,Yes,Beer & Wine Only,,Yes,,,Yes,"Street, Private Lot",,Yes,Yes,,No,,Casual,Casual,Average,
oRhY8XzVV0yjs75GMRJcXw,Bang Bar Thai Restaurant,"Thai,Lounges",$11-30,$11-30,,47,36,47,113,122,Yes,Full Bar,,No,,,No,Street,,Yes,Yes,,No,,Trendy,Casual,Average,
qJjodNeWFLxr2r40u2pqyw,Stellar Pizza & Ale,"Pizza,Bars,Italian",$11-30,$11-30,,28,31,50,136,128,Yes,Full Bar,,No,,,Yes,"Street, Private Lot",,Yes,Yes,,Free,,"Hipster, Casual",Casual,Average,Juke Box
9OXEAAPONxcA2PQO75fnJQ,The Walrus and the Carpenter,"Seafood,Tapas/Small Plates",$31-60,$31-60,,59,115,156,372,743,Yes,Full Bar,,No,,,Yes,Street,,No,No,,No,,Trendy,Casual,Average,
BjOCmgbagZLdUMB4g8x60g,Veggie Grill,"American (New),Vegan,Vegetarian",$11-30,$11-30,,0,0,0,0,0,Yes,Beer & Wine Only,,Yes,,,Yes,"Garage, Private Lot",,Yes,No,,No,,Casual,Casual,Average,
9SgWJjnX4TeS14IH-vvf8Q,Mox Boarding House Seattle,"Hobby Shops,Bars,American (Traditional)",$11-30,$11-30,,24,21,28,108,248,Yes,Beer & Wine Only,,No,,No,No,"Street, Private Lot",,Yes,No,Yes,Free,,Casual,Casual,Average,
0zOQ6gbOERAi-FoeM4fAig,La Rustica,Italian,$31-60,$31-60,,0,0,0,0,0,Yes,Full Bar,,No,,,Yes,Street,,Yes,Yes,,No,,"Intimate, Romantic",Casual,Average,
kFTmhNfFaaPsE21wyp2tWg,Persepolis Grill,"Persian/Iranian,Halal",$11-30,$11-30,,23,7,24,49,92,Yes,Beer & Wine Only,,Yes,,,No,Street,,Yes,Yes,,No,,Casual,Casual,Average,
H0PpODW4_QQxRGX_x5GIzg,The Gerald,"American (New),Gastropubs,Cocktail Bars",$11-30,$11-30,,14,31,41,104,119,Yes,Full Bar,,No,,,No,Street,,Yes,Yes,,Free,,"Casual, Trendy",Casual,Average,Background
MoEFowzpF2dlBFOhW1L0WQ,Jak’s Grill,"Steakhouses,American (Traditional)",$31-60,$31-60,,28,27,47,148,137,Yes,Full Bar,,No,,,No,Street,,Yes,No,,No,,Casual,Casual,Average,
XbRTv9Yq4C8XvAi3xe2kXw,Mamma Melina Ristorante + Pizzeria,"Italian,Pizza,Bars",$11-30,$11-30,,33,77,104,172,198,Yes,Full Bar,,No,,,Yes,"Garage, Street, Validated",,Yes,Yes,,No,,Trendy,Casual,Average,
4ta8miJkO0e6Qa9rGnC0iQ,Bastille Cafe & Bar,"Bars,French,Breakfast & Brunch",$11-30,$11-30,,62,132,160,402,236,Yes,Full Bar,,No,,,Yes,Street,,Yes,Yes,,No,,,Casual,Average,
j2maiRNh_ErcsvPBiZCkqw,Asadero Ballard,"Mexican,Steakhouses",$11-30,$11-30,,19,11,34,86,261,Yes,Full Bar,,No,,No,No,Street,,No,No,Yes,No,,"Casual, Trendy",Casual,Average,
s9alani4rCYMXMWTI5xS7w,No Bones Beach Club,"Vegan,Cocktail Bars,Sandwiches",$11-30,$11-30,,0,0,0,0,0,Yes,Full Bar,,Yes,,,Yes,Street,,Yes,No,,No,,Casual,,Average,
KMrr9hYyrK3J_V8lmeLQvA,La Medusa,Italian,$31-60,$31-60,,12,18,21,82,67,Yes,Full Bar,,No,,,No,Street,,No,Yes,,No,,,Casual,Average,
2fHBHPsyHljC9xj6f4Mfgg,Salvatore Ristorante,"Italian,Pizza",$11-30,$11-30,,14,20,13,43,103,Yes,,,No,,,,Street,,Yes,No,,No,,Romantic,Casual,Average,
qpfE2YYAN4DsKo_46yv2Qg,Frank’s Oyster House & Champagne Parlor,"American (New),Seafood,Champagne Bars",$11-30,$11-30,,0,0,0,0,0,Yes,Full Bar,,,,,No,Street,,No,Yes,,No,,,Casual,Average,Background
NvTGTMkGvkODIqOlCseF3g,Ocho,"Tapas Bars,Cocktail Bars,Breakfast & Brunch",$11-30,$11-30,,19,34,79,212,210,Yes,Full Bar,,No,,,Yes,Street,,No,No,,No,,Casual,Casual,Average,
heIRbeGgquFtkGX1XFyMBA,La Isla Cuisine,"Latin American,Lounges,Puerto Rican",$11-30,$11-30,,0,0,0,0,0,Yes,Full Bar,,Yes,,,Yes,Street,,Yes,No,,Free,,Casual,Casual,Average,
8BXl9GbOS9SYVAKBz_oY7w,Pasta Bella,Italian,$11-30,$11-30,,0,0,0,0,0,Yes,Beer & Wine Only,,Yes,,,No,"Street, Private Lot",,Yes,Yes,,Free,,"Casual, Intimate",Casual,Average,
T5foGw4XpJp7Er_l9ksuLg,Gather Kitchen + Bar,"American (New),Cocktail Bars",$11-30,$11-30,,3,7,5,9,43,Yes,Full Bar,,Yes,,No,No,"Garage, Street, Validated",,Yes,Yes,Yes,Free,,"Trendy, Romantic, Classy, Upscale",Casual,Average,
esHzJ47SzvtsJwRMIa7hxQ,Latona Pub,"Pubs,Sandwiches",$11-30,$11-30,,0,0,0,0,0,Yes,Full Bar,,No,,,Yes,Street,,Yes,No,Yes,No,,Casual,,Average,
HFl2dH581owwb9EiRo-DIA,India Bistro,"Indian,Seafood,Cocktail Bars",$11-30,$11-30,,17,22,32,103,148,Yes,Full Bar,,Yes,,,No,Garage,,Yes,Yes,,Free,,Casual,Casual,Average,
lmIZ7DaxUKrksguZKaNQ7w,La Villa,"Mexican,Bars",$11-30,$11-30,,2,4,6,12,23,Yes,Full Bar,,,,,Yes,Street,,Yes,Yes,,,,Casual,Casual,Average,
XWag2eb853TrXaAk38Op_w,Roanoke Inn,"Pubs,American (Traditional)",$11-30,$11-30,,0,0,0,0,0,Yes,Full Bar,,No,,,Yes,"Street, Private Lot",,Yes,No,,No,,Casual,Casual,Average,Juke Box
5YBPO55cdj8lPRV29PTwMg,El Chupacabra,"Mexican,Bars",$11-30,$11-30,,57,81,121,226,162,Yes,Full Bar,,No,,,Yes,Street,,Yes,No,,Free,,,Casual,Average,Juke Box
Jl51soj64xo1o5Jb98eoyw,Tacos Guaymas,"Mexican,Salad,Bars",$11-30,$11-30,,0,0,0,0,0,Yes,Full Bar,,Yes,,,Yes,Street,,Yes,No,,No,,Casual,Casual,Average,
B9vODi2TxZqWCFciWoj2Dg,Cafe da Pino,Italian,$11-30,$11-30,,0,0,0,0,0,Yes,Beer & Wine Only,,No,,,Yes,Street,,Yes,Yes,,No,,,Casual,Quiet,
TGqeG_HnI5UheoZ1eVDFWQ,Beveridge Place Pub,Pubs,Moderate,Moderate,,11,7,18,95,190,Yes,Beer & Wine Only,,,,,Yes,Street,,,No,,Free,,Casual,,Average,
kOjruVktEQ1Dz48l69fURg,Raconteur,"Coffee & Tea,Pubs,American (Traditional)",$11-30,$11-30,,0,0,0,0,0,Yes,Full Bar,,No,,,Yes,"Street, Private Lot",,Yes,No,,Free,,Casual,Casual,Average,
IFzC8hzQpKNfVuJh84p1sw,Copine,"American (New),French",$31-60,$31-60,,3,5,7,19,118,Yes,Full Bar,,No,,No,No,"Garage, Street",,No,Yes,Yes,No,,Classy,Dressy,Average,
dCwO2S65LZHuPg-WkKVajQ,Brunello Ristorante,Italian,$11-30,$11-30,,5,5,6,15,67,Yes,Beer & Wine Only,,Yes,,,Yes,Street,,Yes,Yes,Yes,Free,,Casual,Casual,Quiet,
MRNcnBmlRB7bLDXP7y25hQ,Yanni’s Greek Restaurant,"Greek,Mediterranean,Breakfast & Brunch",$11-30,$11-30,,0,0,0,0,0,Yes,Full Bar,,Yes,,,No,Street,,Yes,Yes,,No,,Casual,Casual,Average,
sq0pl58_QvhYsffM6Im-Yw,Bennett’s Bistro,American (New),$11-30,$11-30,,0,0,0,0,0,Yes,Full Bar,,Yes,,,Yes,Garage,,Yes,Yes,,Free,,Casual,Casual,Average,
wvEGC525cGJZGmqVFJW57A,Bis On Main,"American (New),Bars,Steakhouses",$31-60,$31-60,,0,0,0,0,0,Yes,Full Bar,,Yes,,,Yes,"Valet, Street",,Yes,Yes,,Free,,Romantic,Dressy,Average,Background
cn9ox-BRc2D45oWmp1egdg,Mediterranean Kitchen,"Greek,Middle Eastern,Mediterranean",$11-30,$11-30,,0,0,0,0,0,Yes,Beer & Wine Only,,Yes,,,Yes,Street,,Yes,Yes,,No,,Casual,Casual,Average,
wk5zGwe_czrEZ0RjzwXqGA,Garlic Crush,"Mediterranean,Lebanese,Kebab",Under $10,Under $10,,0,0,0,0,0,Yes,No,,Yes,,No,Yes,Private Lot,,Yes,No,,No,,Casual,Casual,Average,
gM5aXMlDnpQ3PWdfeXHfNQ,Palomino Restaurant & Bar,"American (New),Mediterranean,Bars",$11-30,$11-30,,106,122,150,208,112,Yes,Full Bar,,Yes,,,Yes,Garage,,Yes,Yes,,Free,,Trendy,Casual,Average,
aMrtEaVWyMj9SlmNE7f4KA,Tavern Hall,"American (New),Gastropubs",$11-30,$11-30,,44,67,101,192,145,Yes,Full Bar,,No,,,No,Garage,,Yes,Yes,,Free,,Casual,Casual,Average,
jJubx-ZsbtvkYOLRMdGhrQ,Wild Ginger,"Wine Bars,Thai,Pan Asian",$11-30,$11-30,,84,110,130,153,95,Yes,Full Bar,,Yes,,No,No,Garage,,Yes,Yes,Yes,Free,,Trendy,Casual,Average,
jf167Z6R0TPoazczLVcnKQ,McCormick & Schmick’s Seafood & Steaks,"Seafood,American (Traditional),Steakhouses",$11-30,$11-30,,109,116,113,131,63,Yes,Full Bar,,Yes,,,No,Garage,,Yes,Yes,Yes,Free,,Classy,Casual,Average,
6wrvQqQwkeQnokD7kPX-rQ,Earls Kitchen + Bar,"American (New),Cocktail Bars",$11-30,$11-30,,0,0,0,0,0,Yes,Full Bar,,No,,,No,"Garage, Validated",,Yes,Yes,,Free,,Trendy,Casual,Average,
pCkxZc1lcqRFFtc9CG2hAw,The Lakehouse,American (New),$31-60,$31-60,,0,0,0,0,0,Yes,Full Bar,,Yes,,No,No,"Valet, Garage, Street, Private Lot, Validated",,Yes,Yes,Yes,Free,,"Trendy, Classy, Upscale",Casual,Average,
ybBJtVElvdr7tWub4sEFFw,Maggiano’s Little Italy,"Italian,Bars",$11-30,$11-30,,0,0,0,0,0,Yes,Full Bar,,Yes,,No,No,"Garage, Validated",,Yes,Yes,Yes,Free,,Casual,Casual,Average,
PzFJNls55DcBsWJOU2O0BQ,JOEY Bellevue,"American (New),Lounges,Steakhouses",$11-30,$11-30,,86,87,140,216,186,Yes,Full Bar,,No,,No,Yes,Garage,,Yes,Yes,Yes,Free,,Trendy,Casual,Loud,
gHHDCn4g4KCKFbaMxjxS8g,Daniel’s Broiler,"Steakhouses,American (Traditional),Bars",$31-60,$31-60,,0,0,0,0,0,Yes,Full Bar,,Yes,,,Yes,"Valet, Garage, Street, Validated",,Yes,Yes,Yes,Free,,"Classy, Upscale",Dressy,Average,Live
rR4TZxPramoFj9hm9JOqNA,California Pizza Kitchen at Bellevue,"Pizza,American (New),Salad",$11-30,$11-30,,0,0,0,0,0,Yes,Full Bar,,Yes,,,Yes,"Private Lot, Validated",,Yes,No,,Free,,Casual,Casual,Average,
5skfzOnBN5ijni-ZcFpr3w,Pogacha Restaurant,"Italian,Modern European,Mediterranean",$11-30,$11-30,,0,0,0,0,0,Yes,Beer & Wine Only,,Yes,,,Yes,"Street, Private Lot",,Yes,Yes,,Free,,Casual,Casual,Average,
NuPKl9HvpYSr1g5hYBAQKA,Seastar Restaurant & Raw Bar,"American (New),Seafood,Live/Raw Food",$31-60,$31-60,,27,46,125,303,330,Yes,Full Bar,,Yes,,,No,,,Yes,Yes,,No,,Classy,Dressy,Average,
Sw39QeTPqK289bMOniYefQ,The Melting Pot - Bellevue,Fondue,$31-60,$31-60,,0,0,0,0,0,Yes,Full Bar,,No,,,No,Street,,No,Yes,,No,,,Casual,Average,
SePMUEGjcXpKfS7bJ1yO4Q,Toscano,"Mediterranean,Wine Bars,Breakfast & Brunch",$11-30,$11-30,,0,0,0,0,0,Yes,Full Bar,,Yes,,No,No,Valet,,Yes,Yes,Yes,Free,,,Casual,,
n0zWJbWXcDk7DHzl7-1QTg,El Gaucho - Bellevue,"Steakhouses,Seafood,Soup",Above $61,Above $61,,0,0,0,0,0,Yes,Full Bar,,Yes,,,Yes,"Valet, Garage, Validated",,Yes,Yes,Yes,Free,,"Classy, Upscale",Dressy,Average,
kyTUAXFT4tlSd796nK2vbA,Andiamo,Italian,$11-30,$11-30,,34,23,18,29,33,Yes,Full Bar,,No,,,Yes,"Garage, Street",,Yes,Yes,,No,,Intimate,Casual,Quiet,
bhAhhEJ7AJQFeXVGdZp2-g,Mariposa,American (New),$11-30,$11-30,,0,0,0,0,0,Yes,Full Bar,,Yes,,,No,"Valet, Garage, Validated",,Yes,Yes,,Free,,Upscale,Casual,Quiet,
bygfqmZ37iyOO4IXdoCSxw,Lunchbox Laboratory,"American (New),Burgers",$11-30,$11-30,,77,132,170,219,122,Yes,Full Bar,,No,,,Yes,Garage,,Yes,Yes,Yes,Free,,Casual,Casual,Average,
yiFStC0eaA6Zp5sgWNV8XQ,Jak’s Alehouse,"American (New),Steakhouses,Tex-Mex",$11-30,$11-30,,0,0,0,0,0,Yes,Full Bar,,No,,,Yes,Street,,Yes,No,Yes,Free,,Casual,Casual,Average,
Hls6HZAZFNo0tK6C-ewQtg,Señor Villa,"Mexican,Bars",$11-30,$11-30,,0,0,0,0,0,Yes,Full Bar,,No,,,No,Private Lot,,Yes,No,,No,,Casual,Casual,Average,
u4lNLYSrMWGJhFLoKwsBzw,Hong Kong Seafood Restaurant,"Seafood,Dim Sum,Cantonese",$11-30,$11-30,,28,25,28,65,56,Yes,Beer & Wine Only,,Yes,,,No,Private Lot,,Yes,Yes,,No,,Casual,Casual,Average,
F_o6tbveRnSHNra3MMMoXg,Fish Basket,"Food Trucks,Seafood,Fish & Chips",$11-30,$11-30,,4,5,3,18,51,Yes,No,,Yes,,,No,Private Lot,,Yes,No,,No,,Casual,Casual,Average,
MARpjcuJ3XgHPFH7ZdUz4w,The Stone House Café,"Breakfast & Brunch,Wine Bars,American (Traditional)",$11-30,$11-30,,50,53,44,65,91,Yes,Full Bar,,Yes,,No,Yes,"Street, Private Lot",,Yes,No,Yes,Free,,Casual,Casual,Average,
KJH5Nyaw1CE_QgDGHtzOWg,Big Fish Grill,Seafood,$11-30,$11-30,,0,0,0,0,0,Yes,Full Bar,,No,,No,Yes,Private Lot,,Yes,Yes,,No,,Casual,Casual,Average,
xRbP2xtvLzjzHvC_dqcCKg,Le Grand Bistro Américain,"French,Steakhouses,Salad",$11-30,$11-30,,34,40,54,115,107,Yes,Full Bar,,No,,,Yes,"Valet, Street, Validated",,Yes,Yes,,Free,,Classy,Casual,Average,
82eC8oiAyDH656f9Ke6eqQ,Pizzeria Pulcinella,"Pizza,Italian",$11-30,$11-30,,5,16,32,115,228,Yes,Beer & Wine Only,,No,,,Yes,"Street, Private Lot",,Yes,Yes,Yes,No,,"Casual, Intimate",Casual,Average,
7L6ym2A2fCfrWMCQ4vBsyg,WildFin American Grill,American (New),$11-30,$11-30,,0,0,0,0,0,Yes,Full Bar,,No,,,Yes,Street,,Yes,Yes,,Free,,Casual,Casual,Average,
iCvPIKn8Gm716UDn3iPNtA,Melrose Grill,Steakhouses,$31-60,$31-60,,35,34,52,203,504,Yes,Full Bar,,No,,No,No,"Street, Private Lot",,Yes,Yes,,No,,Casual,Casual,Average,
hGrPgxgVl0goH6aOzJ9h7A,Buffalo Wild Wings,"Chicken Wings,American (Traditional),Sports Bars",$11-30,$11-30,,0,0,0,0,0,Yes,Full Bar,,Yes,,No,No,Private Lot,,Yes,No,,Free,,Casual,,Loud,
szP7qE5LBQLbd9Kx7qPRJg,The Lemongrass,"Vietnamese,Noodles,Seafood",$11-30,$11-30,,0,0,0,0,0,Yes,Full Bar,,No,,,No,Private Lot,,Yes,Yes,,Free,,Casual,Casual,Average,
aWt7HEBCyhrKQCeC8BPAjw,Duke’s Seafood & Chowder,"Seafood,Bars",$11-30,$11-30,,0,0,0,0,0,Yes,Full Bar,,No,,,Yes,Private Lot,,Yes,Yes,,Free,,Casual,Casual,Average,
FQw3ceM9OwCHv47MpZufHA,BJ’s Restaurant & Brewhouse,"American (New),Breweries,Pizza",$11-30,$11-30,,144,138,143,149,100,Yes,Full Bar,,No,,,Yes,,,Yes,Yes,Yes,Free,,Casual,Casual,Average,
32VKRJRFgVTI9w2AhY_grA,Moctezuma’s Mexican Restaurant & Tequila Bar,"Bars,Mexican",$11-30,$11-30,,0,0,0,0,0,Yes,Full Bar,,Yes,,,Yes,Garage,,Yes,Yes,Yes,Free,,Casual,Casual,Loud,
UGUUPV-SPp5Wj92gTsqfhA,JOEY Southcenter,"American (New),Lounges,Steakhouses",$11-30,$11-30,,0,0,0,0,0,Yes,Full Bar,,No,,,Yes,"Valet, Garage, Private Lot",,Yes,Yes,,Free,,Trendy,Casual,Average,
ovLJtx_ss3GJbRGTyiixYw,Waterleaf Restaurant & Bar,"Asian Fusion,American (New),Seafood",$11-30,$11-30,,0,0,0,0,0,Yes,Full Bar,,No,,Yes,Yes,"Valet, Garage, Street",,Yes,Yes,Yes,Free,,,Casual,,
geu09drUwXHVgQXJHSpH3Q,Olive Garden Italian Restaurant,"Italian,Salad",$11-30,$11-30,,0,0,0,0,0,Yes,Full Bar,,Yes,,,No,Private Lot,,Yes,Yes,Yes,No,,Casual,Casual,Average,
XxYgUH6A71jd6isB7TtE4w,Mawadda Cafe,"Mediterranean,Middle Eastern,Greek",$11-30,$11-30,,0,0,0,0,0,Yes,No,,Yes,,No,No,Private Lot,,Yes,No,,No,,Casual,Casual,Quiet,
_QyTjZdBMMhjpVRXYLNllg,Galliano’s Cucina,Italian,$11-30,$11-30,,14,8,16,29,71,Yes,Beer & Wine Only,,Yes,,,No,Private Lot,,Yes,Yes,,Free,,Casual,Casual,Quiet,
EqJ5oOcy6DWx9WSp1lqAQw,Grazie Ristorante,Italian,$11-30,$11-30,,26,23,47,156,347,Yes,Beer & Wine Only,,Yes,,,No,Private Lot,,Yes,Yes,Yes,Free,,Intimate,Casual,Average,
aO1XK9zHD9S_0zV3GtOGEw,The Old Spaghetti Factory,"Italian,Cocktail Bars",$11-30,$11-30,,73,65,62,53,49,Yes,Full Bar,,Yes,,No,No,Private Lot,,Yes,Yes,,No,,Casual,Casual,Average,
oL2g9giMo-xPkx2xQ4ZkgA,Stanford’s Restaurant & Bar,"American (Traditional),Steakhouses,Diners",$11-30,$11-30,,44,58,80,80,47,Yes,Full Bar,,No,,,No,Private Lot,,Yes,Yes,,No,,Classy,,Average,
kXq8fJVO94ApKakK-GlrJw,The Greek House,"Greek,Lounges",$11-30,$11-30,,0,0,0,0,0,Yes,Full Bar,,Yes,,,No,Private Lot,,Yes,Yes,,Free,,Casual,Casual,Average,
K4L7keIAXIO-wNNJM3coIA,Angelo’s Pizza & Pasta House,"Pizza,Italian,Sandwiches",$11-30,$11-30,,8,6,13,30,69,Yes,Beer & Wine Only,,No,,,No,Private Lot,,Yes,No,Yes,No,,Casual,,Average,
vQwfNjtwqXZwlWY0OzjbZw,Applebee’s Grill + Bar,"American (Traditional),Sports Bars,Burgers",$11-30,$11-30,,57,33,34,23,12,Yes,Full Bar,,No,,,No,Private Lot,,Yes,No,,Free,,Casual,Casual,Average,
LyrC7SNMvq07iJiGvwX6Aw,Seattle Seahawks 12 Club,"Sports Bars,American (Traditional)",$11-30,$11-30,,110,50,40,15,6,Yes,Full Bar,,No,,,No,,,Yes,No,,Free,,Touristy,Casual,Average,
Ivy6kq6Tv2ztNZIp4aLLmA,Spencer’s for Steaks and Chops,Steakhouses,$31-60,$31-60,,26,23,20,23,13,Yes,Full Bar,,No,,,No,,,Yes,Yes,,Free,,,Casual,Average,
CQTpGFDDc7_0eNlSN9uf3w,909 Coffee & Wine,"Wine Bars,American (New)",$11-30,$11-30,,0,0,0,0,0,Yes,Full Bar,,Yes,,,Yes,Street,,Yes,Yes,,No,,Casual,Casual,Average,
NRYEiz_iCGl6_4rYpyBmew,Wolfgang Puck Gourmet Express,"Pizza,Sandwiches,American (New)",$11-30,$11-30,,110,46,38,22,10,Yes,Full Bar,,No,,,No,,,Yes,No,,Free,,Casual,,Average,
JbjX2JLvMlZLfbTzHxBK9g,Alaska Lodge,"Sports Bars,American (New),Vegetarian",$11-30,$11-30,,297,79,46,14,5,Yes,Full Bar,,No,,,No,,,Yes,No,,No,,Casual,Casual,Average,
0kDRKVk2iJ9pgXRSw3g8zQ,Vintage Washington Wine Bar,"Wine Bars,American (Traditional)",$11-30,$11-30,,31,12,8,10,5,Yes,Beer & Wine Only,,No,,,No,Garage,,No,No,,Free,,Touristy,Casual,Average,
Qb96SguwIDqRqSBcKHVBsQ,Anthony’s Restaurant,"Seafood,Fish & Chips",$11-30,$11-30,,166,118,197,331,150,Yes,Full Bar,,No,,,No,,,Yes,No,Yes,Free,,Casual,Casual,Average,
4S3HAyhNnffg1PGM2jwr6g,Pallino,"Italian,Pizza,Sandwiches",$11-30,$11-30,,12,20,28,43,12,Yes,No,,Yes,,,No,"Garage, Private Lot",,Yes,No,,Free,,Casual,,Loud,
jumkhxyW9r1QimpwlG8f_w,13 Coins Restaurant,"Bars,Breakfast & Brunch,American (Traditional)",$11-30,$11-30,,190,147,189,293,341,Yes,Full Bar,,No,,Yes,No,Private Lot,,Yes,Yes,Yes,Free,,Classy,Casual,Average,
l8OHkAB0VNur-QWZ80FAgg,Dungeness Bay Seafood House,"Seafood,Bars,Sandwiches",$11-30,$11-30,,0,0,0,0,0,Yes,Full Bar,,No,,,No,,,Yes,No,,Free,,Casual,,Average,
WvQkCs_C_HCfGUFUA0_-hQ,Sharps Roasthouse,"American (Traditional),Barbeque,American (New)",$11-30,$11-30,,38,57,121,235,352,Yes,Full Bar,,Yes,,,No,Private Lot,,Yes,Yes,,Free,,Casual,Casual,Average,
S1D6n5U0gcegIAT59jgyHA,V Garden Chinese Restaurant,"Seafood,Cantonese",$11-30,$11-30,,12,9,20,35,21,Yes,No,,No,,,No,Private Lot,,Yes,No,,No,,Casual,Casual,Average,
x_Sy4mmXC9aoo1B8fTQ5uA,The Calcutta Grill,"American (New),Pubs",$11-30,$11-30,,0,0,0,0,0,Yes,Full Bar,,Yes,,,Yes,Private Lot,,Yes,Yes,,Free,,Classy,Casual,Average,
xQTgUtgO_9opATaX22PX7A,Mango Thai Cuisine & Bar,"Thai,Seafood",$11-30,$11-30,,0,0,0,0,0,Yes,Full Bar,,No,,,No,Garage,,Yes,Yes,,No,,Casual,Casual,Average,
ULznZoVOyFb2mrYGV0ULsA,Novilhos Brazilian Steak House,"Steakhouses,Brazilian",$31-60,$31-60,,0,0,0,0,0,Yes,Full Bar,,Yes,,No,Yes,Private Lot,,No,Yes,,Free,,Classy,Casual,Average,
WGw7iNqNhXA_TxSMlmy5aA,Top Gun Seafood Restaurant,"Seafood,Dim Sum,Cantonese",$11-30,$11-30,,0,0,0,0,0,Yes,Full Bar,,Yes,,,No,Private Lot,,Yes,Yes,Yes,No,,Casual,Casual,Average,
Vr3mowa-ML9EE8TNGoS_Vw,Applebee’s Grill + Bar,"Sports Bars,Burgers,American (Traditional)",$11-30,$11-30,,0,0,0,0,0,Yes,Full Bar,,No,,,No,Private Lot,,Yes,No,,Free,,Casual,Casual,Average,
GLJEfpY38xgLjw2e7a9mJw,Apogee Pub & Eatery,"American (Traditional),Pubs",$11-30,$11-30,,18,28,23,26,26,Yes,Full Bar,,Yes,,,No,Private Lot,,Yes,No,,Free,,Casual,Casual,Average,
dT3ChQooeSYZA1kF6KU1Xw,Green Valley Restaurant,"Chinese,Seafood,Poke",Under $10,Under $10,,2,3,11,28,50,Yes,No,,Yes,,,No,,,Yes,No,,No,,Casual,Casual,Average,
KMAHhiDKmFnsszK0E0J0BA,Maza Grill,"Halal,Pakistani,Steakhouses",$11-30,$11-30,,12,2,3,20,71,Yes,No,,Yes,,,No,"Street, Private Lot, Validated",,Yes,Yes,,Free,,Casual,Casual,Quiet,
kNNGXQaaWSPeSH4jlPYY_w,Boiling Crawfish,"Seafood,Noodles,Sandwiches",$11-30,$11-30,,0,0,0,0,0,Yes,Beer & Wine Only,,No,,,No,,,Yes,Yes,,Free,,Casual,,Average,
OrDvpwx5GWpJWkWpn_dyQQ,Taki’s Mad Greek,"Greek,Mediterranean",$11-30,$11-30,,0,0,0,0,0,Yes,Full Bar,,Yes,,,No,"Street, Private Lot",,Yes,Yes,Yes,Free,,Casual,Casual,Average,
g8r5jy1KZvn9d67mFG5c7g,Wedgwood Broiler,"American (Traditional),Lounges",$11-30,$11-30,,31,27,24,54,31,Yes,Full Bar,,No,,,No,Private Lot,,Yes,Yes,,Free,,Casual,Casual,Average,
YWayU0DutgZx132Jshm9SA,Bin On The Lake,"American (New),Wine Bars",$31-60,$31-60,,31,39,48,64,63,Yes,Full Bar,,Yes,,No,Yes,Garage,,No,Yes,Yes,Free,,Romantic,Dressy,Average,
_7i3cfZt8A0tBwyTsPpH4w,Fiddler’s Inn Pub & Restaurant,"Pubs,American (Traditional)",$11-30,$11-30,,11,9,18,50,41,Yes,Beer & Wine Only,,No,,,Yes,"Street, Private Lot",,Yes,No,,No,,Casual,Casual,Average,
iPdEvg7qSlF6MK0QavD7bw,Beachhouse Bar + Grill,"American (New),Seafood,Breakfast & Brunch",$11-30,$11-30,,50,90,94,173,155,Yes,Full Bar,,Yes,,,Yes,"Street, Private Lot",,Yes,Yes,,Free,,Casual,Casual,Average,
TYYGcnXz5CjTOCZDgFquRw,The Crab Pot,Seafood,$31-60,$31-60,,0,0,0,0,0,Yes,Full Bar,,No,,,Yes,Private Lot,,Yes,Yes,,Free,,Casual,Casual,Average,
9QdPuTSnoCvfoScXh4cfoA,Athens Pizza & Pasta,"Pizza,Italian,Greek",$11-30,$11-30,,0,0,0,0,0,Yes,Beer & Wine Only,,Yes,,,No,Private Lot,,Yes,No,,No,,Casual,Casual,Average,
ZvGLepkwp4mBmQES-v2Cww,REYHOON GRILL,"Mediterranean,Halal,Persian/Iranian",$11-30,$11-30,,0,0,0,0,0,Yes,No,,Yes,,,No,"Street, Private Lot, Validated",,Yes,Yes,Yes,No,,,Casual,,
QKIH0ALmEGsRuFRDRRn9oQ,Wally’s Chowder House & Broiler,"Seafood,Fish & Chips",$11-30,$11-30,,17,34,58,272,633,Yes,Full Bar,,No,,No,Yes,Private Lot,,Yes,No,,No,,Casual,Casual,Average,
pfv5dzBvgOQ3LoOUrjSnqQ,Mama Stortini’s Restaurant & Bar - Kent,"Italian,Burgers,Seafood",$11-30,$11-30,,0,0,0,0,0,Yes,Full Bar,,Yes,,,Yes,Private Lot,,Yes,Yes,Yes,Free,,Casual,Casual,Average,
CUaAgMe1lEOmL74fRlz6Ag,Magic Flavors,"Italian,Sandwiches,Tapas/Small Plates",Under $10,Under $10,,0,0,0,0,0,Yes,Beer & Wine Only,,Yes,,,Yes,Private Lot,,Yes,Yes,,Free,,Casual,,Quiet,
fvg1jLlgYesVdzWJTpX0wg,Duke’s Seafood & Chowder,"Seafood,Bars",$11-30,$11-30,,15,29,42,64,71,Yes,Full Bar,,No,,,Yes,Private Lot,,Yes,Yes,,No,,Casual,Casual,Average,
DC1S5q5uHmRnHNMOtgGUYA,via Marina Wood Fired Pizza & Italian Cafe,"Pizza,Italian,Bars",$11-30,$11-30,,16,12,17,52,97,Yes,Full Bar,,No,,,Yes,Private Lot,,Yes,Yes,Yes,No,,Casual,Casual,Average,
pS8OqsnPHuC94gdcYzxXJw,Golden Steer,"Steakhouses,Karaoke,American (Traditional)",$11-30,$11-30,,33,23,29,30,36,Yes,Full Bar,,Yes,,,No,Private Lot,,Yes,Yes,,No,,Casual,Casual,Average,
hdFehBBkwZ2umAmzugOtRg,Asadero Sinaloa,"Mexican,Steakhouses",$11-30,$11-30,,0,0,0,0,0,Yes,Full Bar,,Yes,,No,No,"Street, Private Lot",,Yes,No,Yes,No,,Casual,Casual,Average,
Yk5I73wZ7Quj5Nt1H0vtEg,Lucky House Chinese Restaurant,"Dim Sum,Seafood,Cantonese",$11-30,$11-30,,52,22,46,72,68,Yes,Beer & Wine Only,,Yes,,,No,Private Lot,,Yes,Yes,,No,,Casual,Casual,Average,
BFQiPm29_YiNZ-m0i2JQDQ,California Monster Sushi,"Japanese,Sushi Bars,Seafood",$11-30,$11-30,,49,27,28,46,99,Yes,Beer & Wine Only,,No,,,No,Private Lot,,Yes,Yes,,No,,Casual,Casual,Quiet,
EmKWx4nSbaAT5EJ6cKvNwQ,LA Palma Mexican Restaurant,"Mexican,Bars",$11-30,$11-30,,69,30,20,14,11,Yes,Full Bar,,No,,,No,Private Lot,,Yes,No,,Free,,Casual,Casual,Average,
nBpaIxVLYPjY22lKMKTczw,Hop Jack’s,"American (Traditional),Bars",$11-30,$11-30,,0,0,0,0,0,Yes,Full Bar,,,,,Yes,Private Lot,,Yes,No,Yes,Free,,Casual,Casual,,
LkDl2WYXOVlW3NuKYLfu7A,Great American Casino,"Casinos,American (Traditional),Sports Bars",$11-30,$11-30,,0,0,0,0,0,Yes,Full Bar,,No,,No,Yes,Private Lot,,Yes,No,Yes,Free,,Casual,Casual,Very Loud,
c-PhA7dl4u45CCQJge9wuw,Tacoma Szechuan,"Szechuan,Hot Pot,Seafood",$11-30,$11-30,,0,0,0,0,0,Yes,Beer & Wine Only,,Yes,,,No,Private Lot,,Yes,Yes,,No,,Casual,Casual,Average,
_vQ_8nNHiHsMqzSor-qFWw,Casa Mia Italian Restaurant and Pizzeria,Italian,$11-30,$11-30,,0,0,0,0,0,Yes,Beer & Wine Only,,Yes,,,No,Private Lot,,Yes,No,,Free,,Casual,Casual,Average,
o4qTm58NLdnncnJZVQwCmg,Ming Palace,"Dim Sum,Seafood",$11-30,$11-30,,0,0,0,0,0,Yes,Full Bar,,Yes,,,No,Private Lot,,Yes,Yes,Yes,Free,,,Casual,Quiet,
b_sT0QJvudIaLnAnY7KIpQ,Oakhouse Restaurant,"American (New),American (Traditional),Gluten-Free",$11-30,$11-30,,0,0,0,0,0,Yes,Full Bar,,Yes,,,Yes,Private Lot,,Yes,Yes,,Free,,,,Average,
tYvtL8O1YqcWcaN1xgGtrA,Uncle Buck’s Fishbowl & Grill,Seafood,$11-30,$11-30,,0,0,0,0,0,Yes,Full Bar,,No,,,No,Private Lot,,Yes,No,,No,,,Casual,Loud,
PqCJCmRy0Cehq_cOrLoGFg,Moctezuma’s Mexican Restaurant & Tequila Bar,"Mexican,Bars",$11-30,$11-30,,0,0,0,0,0,Yes,Full Bar,,Yes,,,Yes,Private Lot,,Yes,Yes,,Free,,Casual,Casual,Average,
uJRJJvVpdP5zZsy0EQwmDA,Marzano Italian Restaurant,Italian,$11-30,$11-30,,0,0,0,0,0,Yes,Beer & Wine Only,,No,,,Yes,"Street, Private Lot",,Yes,Yes,,No,,Intimate,Casual,Average,
Uo0ZQjylS1PWfjQJ4tPqCQ,Farrelli’s Wood Fire Pizza,"Pizza,Gluten-Free,Sports Bars",$11-30,$11-30,,37,22,33,43,36,Yes,Full Bar,,No,,,Yes,"Street, Private Lot",,Yes,Yes,,Free,,Casual,,Average,
vZX86Dvy1E_HuKTZOQKXRA,Peanut Sauce Thai Cuisine,"Thai,Diners,Seafood",$11-30,$11-30,,0,0,0,0,0,Yes,Beer & Wine Only,,No,,,No,Private Lot,,Yes,Yes,,No,,Casual,,Average,
guGRUPCBYBfCknykV7ODbg,Galloping Gertie’s Bar and Grill,"Bars,Breakfast & Brunch",$11-30,$11-30,,0,0,0,0,0,Yes,Full Bar,,No,,,No,Private Lot,,Yes,Yes,,Free,,Casual,Casual,Average,
k1swCnAbE-uvV856hdp2XQ,Gyro Zone,"Mediterranean,Greek,Middle Eastern",Under $10,Under $10,,10,11,16,60,272,Yes,No,,Yes,,,No,Private Lot,,Yes,No,,Free,,Casual,Casual,Average,
cgpfIEZBChUrG7IauI52qw,Pacific Southern,"Southern,Bars,Breakfast & Brunch",$11-30,$11-30,,63,49,82,194,359,Yes,Full Bar,,No,,,No,"Street, Private Lot",,Yes,Yes,,Free,,Casual,Casual,Average,
vZlFGUANhZ2ZemLvNyXZRg,Grassi’s Ristorante,Italian,$11-30,$11-30,,5,12,7,11,37,Yes,Beer & Wine Only,,Yes,,,Yes,Private Lot,,Yes,Yes,Yes,Free,,Intimate,Casual,Average,
L18Zrls7Ke3wObDxjUx1cg,Stanley & Seafort’s,"Steakhouses,Seafood,American (Traditional)",$31-60,$31-60,,0,0,0,0,0,Yes,Full Bar,,Yes,,,Yes,"Valet, Garage, Street, Private Lot",,Yes,Yes,,Free,,Romantic,Dressy,Average,
SgWS1huKOS9pewAR1QMlLg,Boathouse 19,"Bars,American (New),Seafood",$11-30,$11-30,,75,80,70,117,108,Yes,Full Bar,,Yes,,,Yes,Private Lot,,Yes,No,Yes,No,,Casual,Casual,Average,
p_RkMSV7_Y5tVQiAKG-iBw,The Rock Wood Fired Pizza,"Pizza,Bars,American (Traditional)",$11-30,$11-30,,44,46,72,143,216,Yes,Full Bar,,No,,No,No,Street,,Yes,Yes,,Free,,Casual,Casual,Average,
8zXqGH5xnASU_5UBrwe_XA,Red Hot,"Hot Dogs,Beer Bar,Vegan",Under $10,Under $10,,19,33,55,195,360,Yes,Beer & Wine Only,,No,,,No,Street,,Yes,No,,Free,,Casual,,Average,
O1v7Pa-sMVsnn1L0RPT-nw,Asado,"Argentine,Steakhouses,Bars",$31-60,$31-60,,0,0,0,0,0,Yes,Full Bar,,Yes,,,Yes,"Valet, Street",,Yes,Yes,,Free,,,Casual,Average,
E0vBuWBK2JIqaj0q7HbxeA,The Table,"American (New),Salad,Tapas/Small Plates",$11-30,$11-30,,6,12,19,37,153,Yes,Beer & Wine Only,,No,,No,No,Street,,Yes,Yes,Yes,No,,Trendy,Casual,Average,
1nnWECqcCS4T19Pr-nx-dQ,Primo Grill,"Mediterranean,Bars,Seafood",$11-30,$11-30,,9,11,19,33,86,Yes,Full Bar,,Yes,,,No,Street,,Yes,Yes,,No,,"Trendy, Classy",Casual,Average,
rmQWX9e-FMtW3S48KkUF7Q,Dirty Oscar’s Annex,"Breakfast & Brunch,American (New),Gastropubs",$11-30,$11-30,,0,0,0,0,0,Yes,Full Bar,,No,,,No,Street,,Yes,Yes,,Free,,Casual,Casual,Average,
YNjfOowGIzAgDZTlXuULfA,Pacific Grill,"American (New),Seafood,Breakfast & Brunch",$11-30,$11-30,,73,88,123,255,379,Yes,Full Bar,,Yes,,No,No,"Valet, Garage, Street, Private Lot",,Yes,Yes,Yes,Free,,Classy,Casual,Average,
arwOOqaQWKVlSqFXoeImew,The Y Sports Bar & Grill,Sports Bars,Inexpensive,Inexpensive,,0,1,1,4,6,Yes,Full Bar,,,,,Yes,Private Lot,,,Yes,,,,Casual,,Average,
G0-xZa1-eO6EW02gNDNQjA,"Joeseppi’s Italian Ristorante, Deli and Catering","Italian,Desserts,Delis",$11-30,$11-30,,0,0,0,0,0,Yes,Full Bar,,Yes,,,Yes,Private Lot,,Yes,Yes,,Free,,Casual,,Average,
mnCOu-4S1jn1OJ7E6Xr6Kg,Over the Moon Cafe,"American (New),Wine Bars",$11-30,$11-30,,0,0,0,0,0,Yes,Beer & Wine Only,,No,,No,No,Street,,Yes,Yes,No,No,,"Intimate, Romantic",Casual,Quiet,
RqxusFi2wsbF7O-77giV-Q,The Matador,"Bars,Mexican",$11-30,$11-30,,0,0,0,0,0,Yes,Full Bar,,No,,,Yes,Street,,Yes,No,Yes,Free,,Trendy,Casual,Average,
S6kaRKSBXPGW7kwlYG6XsQ,Harmon Tap Room,"Breweries,Sports Bars,Venues & Event Spaces",Moderate,Moderate,,18,18,22,40,31,Yes,Full Bar,,Yes,,,Yes,Street,,Yes,Yes,,Free,,Casual,,Average,
vRpU1rzh8dmbZfR-k5i1JQ,Pomodoro Restaurant & Bar,"Italian,American (Traditional)",$11-30,$11-30,,0,0,0,0,0,Yes,Full Bar,,No,,,Yes,Street,,Yes,Yes,,No,,,Casual,Average,
AuTzDSSgz6jPzR4Mh3hYtA,Knapp’s Restaurant,"Dive Bars,Breakfast & Brunch",$11-30,$11-30,,0,0,0,0,0,Yes,Full Bar,,No,,,No,"Street, Private Lot",,Yes,Yes,,Free,,Casual,Casual,Average,
e8riJLw_FUzT59rSD06XDA,Cooks Tavern,"American (New),Bars,Breakfast & Brunch",$11-30,$11-30,,0,0,0,0,0,Yes,Full Bar,,No,,,No,Street,,Yes,No,Yes,Free,,Casual,Casual,Average,
CCc4UUI4wTwGJziBLtRb_w,CI Shenanigans,"Seafood,Steakhouses,Cocktail Bars",$11-30,$11-30,,137,110,86,98,119,Yes,Full Bar,,Yes,,,Yes,Private Lot,,Yes,Yes,,Free,,Classy,Casual,Average,
Wp5hw2NN6a8pYFdj_AZ7BQ,Katie Downs,"Pizza,Bars,American (New)",$11-30,$11-30,,0,0,0,0,0,Yes,Full Bar,,No,,,Yes,Private Lot,,Yes,Yes,,Free,,Casual,Casual,Average,
ApVgEmaWz6kGUiOTSBdUmQ,Duke’s Seafood & Chowder,"Seafood,Bars",$11-30,$11-30,,34,56,90,198,430,Yes,Full Bar,,Yes,,No,Yes,Private Lot,,Yes,Yes,,Free,,Casual,Casual,Average,
HyKAsCbrWyKnKoRUHPBnlQ,WildFin American Grill,"Seafood,Bars,American (Traditional)",$11-30,$11-30,,0,0,0,0,0,Yes,Full Bar,,No,,No,Yes,Garage,,Yes,Yes,,Free,,"Casual, Trendy",Casual,Average,Background
raYrqC0DBroiAVtlkddPZg,Anthony’s,Seafood,$11-30,$11-30,,0,0,0,0,0,Yes,Full Bar,,No,,,Yes,Private Lot,,Yes,Yes,,No,,Casual,Casual,Loud,
xlIRI4PWY5uhOBdObYsscA,The Cliff House,"Seafood,American (Traditional)",$31-60,$31-60,,56,39,46,38,58,Yes,Full Bar,,No,,,Yes,Private Lot,,No,Yes,,No,,Classy,Dressy,Quiet,
JyllVgZFW0jeIr2NK-zNNw,Fondi Pizzeria,"Pizza,Italian",$11-30,$11-30,,18,29,37,96,63,Yes,Full Bar,,No,,,Yes,Private Lot,,Yes,No,,Free,,Casual,Casual,Average,
FDgeKIP9MgosraUghJHYXg,Moctezuma’s Mexican Restaurant & Tequila Bar,"Bars,Mexican",$11-30,$11-30,,0,0,0,0,0,Yes,Full Bar,,Yes,,,Yes,Private Lot,,Yes,Yes,,Free,,Casual,Casual,Average,
ck-WWEgcwrfdLZQOM2gMGQ,Applebee’s Grill + Bar,"American (Traditional),Sports Bars,Burgers",$11-30,$11-30,,25,12,4,11,11,Yes,Full Bar,,No,,,No,Private Lot,,Yes,No,,Free,,Casual,Casual,Average,
AMq83V59tV7oi-3_PI7iyA,Mizu Japanese Steakhouse,"Japanese,Sushi Bars,Steakhouses",$11-30,$11-30,,0,0,0,0,0,Yes,Full Bar,,Yes,,,No,Private Lot,,Yes,Yes,Yes,No,,Casual,Casual,Average,
3JkpYFDWASF7xTC10QpsYw,Il Lucano Ristorante Italiano,"Italian,Gluten-Free",$11-30,$11-30,,11,12,16,57,172,Yes,Full Bar,,Yes,,,Yes,Street,,Yes,Yes,,No,,Casual,,Average,
K3vAF_Cxk0FrDXQe0KlmGg,Spiro’s Pizza & Pasta,"Pizza,Italian",$11-30,$11-30,,39,22,8,19,11,Yes,Full Bar,,Yes,,,No,"Street, Private Lot",,Yes,Yes,,Free,,Casual,Casual,Average,
y_ON3QtBahCKAx4KZ4K72w,Millville Pizza Co,"Pizza,Bars,Salad",$11-30,$11-30,,4,2,4,12,36,Yes,Beer & Wine Only,,Yes,,No,Yes,"Street, Private Lot",,Yes,No,Yes,Free,,Casual,Casual,Average,Live
JkaliKynIy_DWZW0-CBWAA,JW Restaurant,American (New),$31-60,$31-60,,0,0,0,0,0,Yes,Beer & Wine Only,,Yes,,,No,Private Lot,,Yes,Yes,,Free,,Intimate,Casual,Quiet,
LCF_0HEXZ1SzV1yxwaz1Xg,Seafood Restaurant,"Seafood,Sushi Bars",$11-30,$11-30,,2,1,2,6,23,Yes,Full Bar,,No,,No,No,"Valet, Garage, Private Lot",,No,Yes,Yes,Free,,,Casual,Average,
11uZOhVKA6ugpqHtMcrqHA,Sporty’s,"Sports Bars,Breakfast & Brunch",Under $10,Under $10,,0,0,0,0,0,Yes,Full Bar,,No,,,No,Street,,Yes,No,,No,,"Divey, Casual",Casual,Average,
lMfEo7aF1iK8uZWoQCAyfA,The Beach House Bar,"Cocktail Bars,Tapas/Small Plates,American (New)",$11-30,$11-30,,4,6,2,9,6,Yes,Full Bar,,No,,No,Yes,Street,,Yes,No,Yes,Free,,,Casual,Loud,
